diff,Group size
-18,8
-14,1
-18,7
-18,1
-16,7
-16,1
-19,7
-13,1
-19,7
-17,1
-14,7
-18,1
-16,7
-16,1
-18,7
-13,1
-18,7
-18,1
-15,7
-17,1
-16,7
-16,1
-20,7
-16,1
-15,7
-17,1
-15,7
-17,1
-20,7
-12,1
11,7
-17,1
17,7
-17,1
18,7
-18,1
18,7
-18,1
18,7
-18,1
16,7
-16,1
13,7
-13,1
17,7
-17,1
18,7
-18,1
18,7
-18,1
18,7
-18,1
17,7
-17,1
18,7
-18,1
14,7
-14,1
18,7
-18,1
18,7
-18,1
16,7
-16,1
13,7
-13,1
17,7
-17,1
18,7
-18,1
13,7
-13,1
18,7
-18,1
17,7
-17,1
17,7
-17,1
13,7
-13,1
16,7
-16,1
18,7
-18,1
14,7
-14,1
18,7
-18,1
17,7
-17,1
16,7
-16,1
14,7
-14,1
16,7
-16,1
16,7
-16,1
13,7
-13,1
16,7
-16,1
18,7
-18,1
17,7
-17,1
13,7
-13,1
17,7
-17,1
16,7
-16,1
12,7
-12,1
17,7
-17,1
18,7
-18,1
17,7
-17,1
14,7
-14,1
17,7
-17,1
18,7
-18,1
14,7
-14,1
18,7
-18,1
16,7
-16,1
17,7
-17,1
13,7
-13,1
18,7
-18,1
18,7
-18,1
14,7
-14,1
17,7
-17,1
16,7
-16,1
16,7
-16,1
13,7
-13,1
17,7
-17,1
18,7
-18,1
14,7
-14,1
18,7
-18,1
18,7
-18,1
16,7
-16,1
13,7
-13,1
17,7
-17,1
16,7
-16,1
13,7
-13,1
18,7
-18,1
18,7
-18,1
18,7
-18,1
14,7
-14,1
16,7
-16,1
16,7
-16,1
12,7
-12,1
18,7
-18,1
18,7
-18,1
18,7
-18,1
13,7
-13,1
17,7
-17,1
16,7
-16,1
12,7
-12,1
16,7
-16,1
16,7
-16,1
16,7
-16,1
12,7
-12,1
17,7
-17,1
18,7
-18,1
14,7
-14,1
17,7
-17,1
16,7
-16,1
18,7
-18,1
14,7
-14,1
18,7
-18,1
18,7
-18,1
13,7
-13,1
18,7
-18,1
17,7
-17,1
17,7
-17,1
13,7
-13,1
18,7
-18,1
17,7
-17,1
18,7
-18,1
18,7
-18,1
18,7
-18,1
17,7
-17,1
14,7
-14,1
17,7
-17,1
15,7
-15,1
18,7
-18,1
16,7
-16,1
19,7
-19,1
-19729,17
-18,1
12,7
-13,1
11,7
-15,1
19,7
-15,1
16,7
-16,1
12,7
-16,1
21,7
-17,1
17,7
-18,1
14,7
-13,1
12,7
-17,1
22,7
-18,1
16,7
-15,1
12,7
-17,1
19,7
-15,1
18,7
-18,1
12,7
-12,1
14,7
-18,1
22,7
-18,1
16,7
-16,1
14,7
-18,1
21,7
-17,1
17,7
-17,1
12,7
-12,1
14,7
-17,1
21,7
-17,1
16,7
-16,1
14,7
-14,1
12,7
-17,1
19,7
-16,1
12,7
-11,1
13,7
-18,1
30,7
-18,1
11,7
-18,1
13,7
-14,1
14,7
-18,1
22,7
-18,1
14,7
-14,1
12,7
-16,1
19,7
-15,1
16,7
-16,1
12,7
-12,1
12,7
-16,1
22,7
-18,1
14,7
-14,1
13,7
-17,1
20,7
-16,1
16,7
-16,1
8,7
-8,1
13,7
-17,1
19,7
-15,1
14,7
-14,1
14,7
-18,1
20,7
-16,1
15,7
-15,1
14,7
-14,1
12,7
-16,1
17,7
-13,1
12,7
-12,1
10,7
-14,1
19,7
-15,1
17,7
-16,1
13,7
-14,1
14,7
-18,1
20,7
-16,1
12,7
-12,1
13,7
-17,1
21,7
-17,1
18,7
-18,1
14,7
-14,1
14,7
-18,1
22,7
-18,1
14,7
-14,1
14,7
-18,1
20,7
-16,1
17,7
-17,1
10,7
-10,1
11,7
-15,1
23,7
-18,1
13,7
-13,1
12,7
-17,1
22,7
-18,1
17,7
-17,1
14,7
-14,1
14,7
-18,1
22,7
-18,1
12,7
-12,1
13,7
-17,1
22,7
-18,1
18,7
-18,1
14,7
-14,1
12,7
-17,1
20,7
-16,1
12,7
-13,1
10,7
-14,1
21,7
-17,1
17,7
-17,1
13,7
-13,1
13,7
-17,1
22,7
-18,1
14,7
-14,1
11,7
-15,1
22,7
-18,1
18,7
-18,1
14,7
-14,1
11,7
-15,1
22,7
-18,1
13,7
-13,1
13,7
-17,1
21,7
-17,1
16,7
-16,1
13,7
-13,1
12,7
-16,1
16,7
-12,1
18,7
-18,1
13,7
-17,1
21,7
-17,1
16,7
-16,1
12,7
-13,1
14,7
-18,1
22,7
-18,1
17,7
-17,1
14,7
-18,1
21,7
-17,1
17,7
-17,1
14,7
-14,1
13,7
-17,1
20,7
-16,1
17,7
-17,1
13,7
-13,1
13,7
-17,1
21,7
-16,1
13,7
-13,1
12,7
-17,1
22,7
-18,1
15,7
-16,1
14,7
-14,1
14,7
-18,1
22,7
-17,1
12,7
-13,1
13,7
-17,1
22,7
-17,1
17,7
-18,1
15,7
-14,1
12,7
-17,1
18,7
-14,1
11,7
-11,1
13,7
-16,1
21,7
-17,1
15,7
-15,1
13,7
-13,1
13,7
-18,1
22,7
-17,1
11,7
-12,1
13,7
-17,1
22,7
-18,1
18,7
-17,1
12,7
-13,1
12,7
-15,1
20,7
-17,1
14,7
-13,1
13,7
-18,1
19,7
-15,1
11,7
-11,1
10,7
-10,1
10,7
-14,1
16,7
-12,1
11,7
-10,1
8,7
-13,1
20,7
-17,1
17,7
-17,1
14,7
-14,1
13,7
-17,1
19,7
-16,1
11,7
-11,1
12,7
-16,1
22,7
-18,1
18,7
-18,1
13,7
-13,1
14,7
-18,1
20,7
-16,1
12,7
-12,1
12,7
-16,1
18,7
-15,1
17,7
-16,1
12,7
-12,1
12,7
-16,1
18,7
-15,1
13,7
-13,1
13,7
-17,1
20,7
-16,1
13,7
-13,1
11,7
-11,1
10,7
-14,1
18,7
-13,1
11,7
-11,1
10,7
-14,1
18,7
-15,1
13,7
-13,1
12,7
-11,1
8,7
-13,1
19,7
-15,1
14,7
-14,1
15,7
-18,1
21,7
-17,1
16,7
-17,1
13,7
-13,1
13,7
-17,1
20,7
-17,1
12,7
-12,1
10,7
-14,1
21,7
-17,1
16,7
-16,1
8,7
-8,1
10,7
-14,1
16,7
-12,1
14,7
-14,1
11,7
-15,1
17,7
-13,1
13,7
-13,1
12,7
-11,1
11,7
-15,1
16,7
-13,1
13,7
-13,1
15,7
-18,1
20,7
-17,1
18,7
-18,1
14,7
-14,1
13,7
-17,1
22,7
-18,1
17,7
-17,1
13,7
-17,1
22,7
-18,1
18,7
-18,1
10,7
-10,1
12,7
-16,1
21,7
-17,1
17,7
-17,1
11,7
-15,1
19,7
-15,1
16,7
-16,1
13,7
-13,1
14,7
-17,1
20,7
-16,1
16,7
-16,1
13,7
-17,1
20,7
-16,1
17,7
-17,1
12,7
-13,1
13,7
-17,1
21,7
-18,1
18,7
-18,1
14,7
-14,1
14,7
-18,1
22,7
-18,1
14,7
-14,1
14,7
-18,1
20,7
-16,1
14,7
-14,1
7,7
-7,1
9,7
-13,1
18,7
-13,1
8,7
-9,1
13,7
-16,1
22,7
-18,1
18,7
-18,1
13,7
-14,1
14,7
-18,1
21,7
-17,1
14,7
-14,1
14,7
-18,1
22,7
-18,1
18,7
-17,1
13,7
-13,1
13,7
-17,1
20,7
-17,1
14,7
-13,1
13,7
-18,1
20,7
-16,1
15,7
-15,1
12,7
-12,1
14,7
-17,1
20,7
-17,1
13,7
-13,1
13,7
-17,1
20,7
-16,1
16,7
-16,1
12,7
-12,1
12,7
-16,1
19,7
-15,1
14,7
-14,1
13,7
-17,1
21,7
-17,1
18,7
-18,1
14,7
-14,1
14,7
-18,1
22,7
-18,1
12,7
-12,1
11,7
-15,1
22,7
-18,1
16,7
-16,1
-30156,17
-14,1
12,7
-16,1
21,7
-16,1
13,7
-14,1
14,7
-18,1
22,7
-18,1
18,7
-18,1
13,7
-14,1
14,7
-18,1
21,7
-17,1
13,7
-14,1
14,7
-18,1
22,7
-18,1
18,7
-18,1
13,7
-13,1
14,7
-18,1
21,7
-17,1
13,7
-13,1
13,7
-17,1
22,7
-18,1
17,7
-17,1
10,7
-10,1
13,7
-17,1
21,7
-17,1
13,7
-13,1
14,7
-18,1
22,7
-18,1
18,7
-18,1
15,7
-14,1
13,7
-18,1
22,7
-18,1
14,7
-14,1
13,7
-17,1
22,7
-18,1
18,7
-18,1
12,7
-12,1
14,7
-18,1
22,7
-18,1
18,7
-18,1
14,7
-18,1
19,7
-15,1
16,7
-16,1
12,7
-12,1
10,7
-14,1
21,7
-17,1
17,7
-16,1
12,7
-17,1
21,7
-18,1
17,7
-17,1
13,7
-13,1
13,7
-17,1
22,7
-18,1
18,7
-18,1
14,7
-14,1
13,7
-18,1
22,7
-18,1
14,7
-14,1
14,7
-18,1
22,7
-18,1
18,7
-18,1
14,7
-14,1
11,7
-15,1
22,7
-18,1
14,7
-14,1
14,7
-18,1
20,7
-17,1
18,7
-18,1
13,7
-13,1
14,7
-18,1
22,7
-18,1
14,7
-13,1
13,7
-18,1
21,7
-18,1
18,7
-18,1
12,7
-12,1
13,7
-17,1
22,7
-18,1
14,7
-14,1
13,7
-17,1
22,7
-18,1
18,7
-18,1
13,7
-13,1
14,7
-18,1
21,7
-17,1
13,7
-13,1
14,7
-18,1
22,7
-18,1
18,7
-18,1
14,7
-13,1
13,7
-18,1
22,7
-18,1
14,7
-14,1
13,7
-17,1
20,7
-16,1
17,7
-17,1
13,7
-13,1
14,7
-18,1
22,7
-18,1
14,7
-14,1
14,7
-18,1
22,7
-18,1
17,7
-17,1
11,7
-11,1
14,7
-18,1
22,7
-18,1
14,7
-14,1
14,7
-18,1
22,7
-18,1
17,7
-17,1
13,7
-13,1
13,7
-17,1
20,7
-16,1
13,7
-13,1
13,7
-17,1
22,7
-18,1
18,7
-18,1
14,7
-14,1
14,7
-18,1
20,7
-16,1
12,7
-12,1
14,7
-18,1
22,7
-18,1
18,7
-18,1
14,7
-14,1
14,7
-18,1
21,7
-17,1
13,7
-13,1
14,7
-18,1
20,7
-16,1
17,7
-17,1
13,7
-13,1
14,7
-18,1
22,7
-18,1
14,7
-14,1
12,7
-16,1
21,7
-17,1
16,7
-16,1
13,7
-13,1
14,7
-18,1
22,7
-18,1
17,7
-17,1
14,7
-18,1
22,7
-18,1
17,7
-17,1
14,7
-14,1
14,7
-18,1
21,7
-17,1
17,7
-17,1
12,7
-16,1
22,7
-18,1
18,7
-18,1
14,7
-14,1
13,7
-17,1
22,7
-18,1
18,7
-18,1
13,7
-17,1
22,7
-18,1
18,7
-18,1
14,7
-14,1
14,7
-18,1
22,7
-18,1
15,7
-15,1
12,7
-16,1
21,7
-17,1
18,7
-18,1
13,7
-13,1
14,7
-18,1
22,7
-18,1
17,7
-17,1
14,7
-18,1
21,7
-17,1
18,7
-18,1
13,7
-13,1
14,7
-18,1
22,7
-18,1
18,7
-18,1
14,7
-14,1
14,7
-18,1
21,7
-17,1
11,7
-11,1
13,7
-17,1
20,7
-16,1
18,7
-18,1
14,7
-14,1
13,7
-17,1
21,7
-17,1
13,7
-13,1
12,7
-16,1
22,7
-18,1
18,7
-18,1
14,7
-14,1
13,7
-17,1
22,7
-18,1
13,7
-13,1
13,7
-17,1
22,7
-18,1
15,7
-15,1
13,7
-13,1
13,7
-17,1
21,7
-17,1
14,7
-14,1
13,7
-17,1
22,7
-18,1
18,7
-18,1
10,7
-10,1
12,7
-16,1
21,7
-17,1
14,7
-14,1
13,7
-17,1
21,7
-17,1
17,7
-17,1
13,7
-13,1
10,7
-14,1
20,7
-16,1
12,7
-12,1
12,7
-16,1
21,7
-17,1
18,7
-18,1
11,7
-11,1
13,7
-17,1
21,7
-17,1
13,7
-13,1
14,7
-18,1
21,7
-17,1
18,7
-18,1
14,7
-14,1
14,7
-18,1
22,7
-18,1
14,7
-14,1
12,7
-16,1
19,7
-15,1
17,7
-17,1
14,7
-14,1
13,7
-17,1
23,7
-18,1
13,7
-13,1
12,7
-17,1
21,7
-17,1
17,7
-17,1
12,7
-12,1
10,7
-14,1
22,7
-18,1
14,7
-14,1
14,7
-18,1
22,7
-18,1
17,7
-17,1
13,7
-13,1
12,7
-16,1
23,7
-18,1
12,7
-12,1
11,7
-15,1
20,7
-17,1
17,7
-17,1
13,7
-13,1
11,7
-15,1
20,7
-16,1
13,7
-13,1
10,7
-14,1
19,7
-15,1
17,7
-17,1
13,7
-13,1
14,7
-18,1
20,7
-16,1
16,7
-16,1
13,7
-16,1
18,7
-15,1
15,7
-15,1
13,7
-13,1
12,7
-16,1
22,7
-18,1
17,7
-17,1
14,7
-18,1
20,7
-16,1
18,7
-17,1
11,7
-12,1
14,7
-18,1
22,7
-18,1
18,7
-18,1
13,7
-13,1
13,7
-17,1
20,7
-16,1
11,7
-11,1
14,7
-18,1
19,7
-15,1
16,7
-16,1
13,7
-13,1
14,7
-18,1
21,7
-17,1
13,7
-13,1
14,7
-18,1
21,7
-17,1
16,7
-16,1
12,7
-13,1
14,7
-18,1
21,7
-17,1
13,7
-14,1
13,7
-17,1
18,7
-14,1
16,7
-16,1
13,7
-13,1
-40095,15
-18,1
21,7
-18,1
13,7
-13,1
13,7
-17,1
22,7
-18,1
17,7
-17,1
13,7
-13,1
12,7
-16,1
21,7
-16,1
11,7
-12,1
13,7
-17,1
22,7
-18,1
17,7
-16,1
12,7
-13,1
13,7
-17,1
23,7
-18,1
24,7
-13,1
0,7
-16,1
21,7
-17,1
15,7
-15,1
12,7
-12,1
13,7
-17,1
22,7
-18,1
14,7
-14,1
13,7
-17,1
19,7
-14,1
17,7
-18,1
13,7
-13,1
14,7
-18,1
22,7
-18,1
14,7
-13,1
9,7
-14,1
21,7
-17,1
13,7
-12,1
12,7
-13,1
12,7
-16,1
20,7
-16,1
12,7
-11,1
13,7
-18,1
21,7
-17,1
17,7
-17,1
12,7
-12,1
14,7
-18,1
21,7
-16,1
12,7
-13,1
12,7
-16,1
15,7
-11,1
16,7
-16,1
11,7
-11,1
11,7
-15,1
20,7
-16,1
15,7
-10,1
7,7
-16,1
19,7
-15,1
17,7
-17,1
13,7
-13,1
12,7
-16,1
20,7
-16,1
14,7
-13,1
12,7
-16,1
21,7
-18,1
17,7
-17,1
14,7
-14,1
12,7
-16,1
21,7
-17,1
16,7
-16,1
12,7
-16,1
22,7
-18,1
18,7
-17,1
13,7
-14,1
13,7
-17,1
20,7
-16,1
14,7
-13,1
11,7
-15,1
19,7
-16,1
16,7
-17,1
13,7
-13,1
13,7
-18,1
21,7
-17,1
19,7
-18,1
12,7
-16,1
21,7
-17,1
15,7
-15,1
11,7
-12,1
12,7
-17,1
22,7
-18,1
18,7
-18,1
10,7
-14,1
7,7
-3,1
7,7
-7,1
5,7
-5,1
10,7
-13,1
20,7
-16,1
17,7
-17,1
10,7
-15,1
17,7
-13,1
16,7
-16,1
11,7
-11,1
10,7
-14,1
15,7
-11,1
15,7
-14,1
12,7
-13,1
11,7
-15,1
19,7
-15,1
12,7
-12,1
12,7
-16,1
19,7
-15,1
9,7
-8,1
13,7
-14,1
14,7
-18,1
20,7
-17,1
13,7
-13,1
12,7
-16,1
21,7
-17,1
17,7
-16,1
9,7
-9,1
13,7
-17,1
22,7
-18,1
13,7
-13,1
13,7
-17,1
21,7
-17,1
16,7
-17,1
13,7
-13,1
13,7
-17,1
16,7
-12,1
14,7
-14,1
12,7
-16,1
22,7
-18,1
17,7
-17,1
12,7
-12,1
8,7
-12,1
15,7
-11,1
7,7
-8,1
8,7
-12,1
13,7
-9,1
7,7
-7,1
12,7
-12,1
10,7
-14,1
20,7
-15,1
13,7
-13,1
12,7
-17,1
22,7
-17,1
18,7
-18,1
13,7
-13,1
14,7
-18,1
23,7
-18,1
11,7
-13,1
14,7
-18,1
23,7
-18,1
17,7
-18,1
13,7
-14,1
14,7
-18,1
22,7
-18,1
8,7
-8,1
12,7
-14,1
15,7
-13,1
12,7
-12,1
11,7
-10,1
10,7
-14,1
17,7
-13,1
10,7
-10,1
8,7
-13,1
16,7
-13,1
14,7
-10,1
9,7
-11,1
12,7
-17,1
22,7
-18,1
13,7
-12,1
12,7
-18,1
21,7
-16,1
18,7
-17,1
14,7
-13,1
9,7
-15,1
19,7
-14,1
13,7
-11,1
6,7
-14,1
17,7
-12,1
13,7
-13,1
10,7
-10,1
10,7
-15,1
19,7
-15,1
11,7
-10,1
11,7
-15,1
21,7
-17,1
17,7
-17,1
13,7
-13,1
12,7
-16,1
22,7
-18,1
18,7
-18,1
7,7
-12,1
21,7
-16,1
18,7
-18,1
9,7
-9,1
12,7
-17,1
22,7
-18,1
18,7
-17,1
6,7
-11,1
22,7
-18,1
18,7
-18,1
12,7
-13,1
14,7
-17,1
21,7
-18,1
17,7
-18,1
14,7
-14,1
13,7
-17,1
22,7
-18,1
14,7
-14,1
12,7
-16,1
22,7
-18,1
18,7
-18,1
9,7
-9,1
14,7
-18,1
20,7
-16,1
15,7
-14,1
12,7
-17,1
19,7
-15,1
17,7
-17,1
14,7
-14,1
13,7
-17,1
21,7
-17,1
13,7
-13,1
13,7
-17,1
22,7
-18,1
17,7
-17,1
13,7
-13,1
14,7
-18,1
22,7
-18,1
13,7
-13,1
12,7
-16,1
22,7
-18,1
18,7
-17,1
13,7
-14,1
13,7
-17,1
22,7
-18,1
13,7
-13,1
13,7
-17,1
20,7
-16,1
16,7
-16,1
14,7
-14,1
13,7
-16,1
20,7
-17,1
13,7
-13,1
13,7
-17,1
22,7
-18,1
17,7
-17,1
10,7
-10,1
14,7
-18,1
22,7
-18,1
14,7
-14,1
14,7
-18,1
22,7
-18,1
18,7
-18,1
14,7
-14,1
10,7
-14,1
19,7
-15,1
13,7
-13,1
13,7
-17,1
22,7
-18,1
18,7
-18,1
13,7
-13,1
13,7
-17,1
22,7
-18,1
12,7
-12,1
14,7
-18,1
21,7
-17,1
16,7
-16,1
11,7
-11,1
13,7
-17,1
21,7
-17,1
13,7
-13,1
13,7
-17,1
21,7
-17,1
18,7
-18,1
12,7
-12,1
11,7
-15,1
21,7
-17,1
13,7
-13,1
14,7
-18,1
21,7
-17,1
18,7
-18,1
13,7
-13,1
12,7
-16,1
21,7
-17,1
14,7
-14,1
14,7
-18,1
20,7
-16,1
15,7
-15,1
11,7
-11,1
14,7
-18,1
21,7
-17,1
18,7
-18,1
13,7
-17,1
21,7
-17,1
17,7
-17,1
13,7
-13,1
8,7
-12,1
21,7
-17,1
17,7
-17,1
13,7
-17,1
23,7
-19,1
-50034,11
-19,1
14,7
-15,1
13,7
-17,1
22,7
-18,1
17,7
-17,1
13,7
-17,1
21,7
-17,1
18,7
-18,1
12,7
-12,1
13,7
-17,1
21,7
-17,1
17,7
-17,1
14,7
-18,1
21,7
-17,1
18,7
-18,1
12,7
-12,1
14,7
-18,1
22,7
-18,1
17,7
-17,1
13,7
-17,1
22,7
-18,1
17,7
-17,1
13,7
-13,1
13,7
-17,1
20,7
-16,1
18,7
-18,1
14,7
-14,1
13,7
-17,1
22,7
-18,1
14,7
-14,1
14,7
-18,1
20,7
-16,1
18,7
-18,1
13,7
-13,1
14,7
-18,1
22,7
-18,1
14,7
-14,1
13,7
-17,1
20,7
-16,1
17,7
-17,1
12,7
-12,1
13,7
-17,1
22,7
-18,1
13,7
-13,1
14,7
-18,1
22,7
-18,1
17,7
-17,1
13,7
-13,1
13,7
-17,1
21,7
-17,1
14,7
-14,1
14,7
-18,1
22,7
-18,1
18,7
-18,1
14,7
-14,1
14,7
-18,1
20,7
-16,1
11,7
-11,1
14,7
-18,1
20,7
-16,1
18,7
-18,1
14,7
-14,1
14,7
-18,1
22,7
-18,1
14,7
-14,1
11,7
-15,1
20,7
-16,1
17,7
-17,1
14,7
-14,1
14,7
-18,1
22,7
-18,1
14,7
-14,1
14,7
-18,1
22,7
-18,1
16,7
-16,1
14,7
-14,1
11,7
-15,1
22,7
-18,1
13,7
-13,1
13,7
-17,1
22,7
-18,1
16,7
-16,1
13,7
-13,1
13,7
-17,1
22,7
-18,1
12,7
-12,1
13,7
-17,1
22,7
-18,1
17,7
-17,1
13,7
-13,1
13,7
-17,1
22,7
-18,1
11,7
-11,1
13,7
-17,1
20,7
-16,1
16,7
-16,1
13,7
-13,1
14,7
-18,1
21,7
-17,1
14,7
-14,1
13,7
-17,1
22,7
-18,1
18,7
-18,1
14,7
-14,1
14,7
-18,1
22,7
-18,1
14,7
-14,1
13,7
-17,1
20,7
-16,1
17,7
-17,1
12,7
-12,1
13,7
-17,1
22,7
-18,1
17,7
-17,1
14,7
-18,1
22,7
-18,1
17,7
-17,1
12,7
-12,1
13,7
-17,1
22,7
-18,1
18,7
-18,1
14,7
-18,1
22,7
-18,1
18,7
-18,1
14,7
-14,1
11,7
-15,1
21,7
-17,1
17,7
-17,1
12,7
-12,1
14,7
-18,1
22,7
-18,1
14,7
-14,1
14,7
-18,1
21,7
-17,1
17,7
-17,1
13,7
-13,1
13,7
-17,1
22,7
-18,1
14,7
-14,1
14,7
-18,1
22,7
-18,1
17,7
-17,1
14,7
-14,1
12,7
-16,1
20,7
-16,1
13,7
-13,1
12,7
-16,1
22,7
-18,1
18,7
-18,1
14,7
-14,1
14,7
-18,1
20,7
-16,1
13,7
-13,1
12,7
-16,1
22,7
-18,1
17,7
-17,1
14,7
-14,1
14,7
-18,1
22,7
-18,1
14,7
-14,1
13,7
-17,1
21,7
-17,1
16,7
-16,1
12,7
-12,1
14,7
-18,1
22,7
-18,1
14,7
-14,1
14,7
-18,1
21,7
-17,1
18,7
-18,1
14,7
-14,1
14,7
-18,1
22,7
-18,1
13,7
-13,1
14,7
-18,1
20,7
-16,1
18,7
-18,1
12,7
-12,1
14,7
-18,1
21,7
-17,1
13,7
-13,1
13,7
-17,1
22,7
-18,1
18,7
-18,1
14,7
-14,1
14,7
-18,1
20,7
-16,1
13,7
-13,1
14,7
-18,1
22,7
-18,1
17,7
-17,1
14,7
-14,1
13,7
-17,1
21,7
-17,1
12,7
-12,1
13,7
-17,1
19,7
-15,1
17,7
-17,1
13,7
-13,1
14,7
-18,1
21,7
-17,1
15,7
-14,1
12,7
-17,1
21,7
-17,1
18,7
-18,1
14,7
-14,1
14,7
-18,1
22,7
-18,1
14,7
-14,1
13,7
-17,1
22,7
-18,1
17,7
-17,1
14,7
-14,1
12,7
-16,1
22,7
-17,1
18,7
-18,1
13,7
-18,1
22,7
-18,1
17,7
-17,1
13,7
-13,1
11,7
-15,1
22,7
-18,1
18,7
-18,1
14,7
-18,1
22,7
-18,1
18,7
-18,1
14,7
-14,1
14,7
-18,1
19,7
-15,1
18,7
-18,1
12,7
-16,1
20,7
-16,1
17,7
-17,1
12,7
-12,1
14,7
-18,1
21,7
-17,1
16,7
-16,1
13,7
-17,1
22,7
-18,1
18,7
-18,1
14,7
-14,1
14,7
-18,1
22,7
-18,1
17,7
-17,1
14,7
-18,1
21,7
-16,1
16,7
-17,1
13,7
-13,1
12,7
-16,1
20,7
-16,1
18,7
-18,1
14,7
-14,1
14,7
-18,1
22,7
-18,1
14,7
-14,1
12,7
-16,1
22,7
-18,1
18,7
-18,1
14,7
-14,1
13,7
-17,1
22,7
-18,1
14,7
-14,1
11,7
-15,1
20,7
-16,1
16,7
-16,1
14,7
-14,1
12,7
-16,1
22,7
-18,1
14,7
-14,1
14,7
-18,1
22,7
-18,1
18,7
-18,1
13,7
-13,1
11,7
-15,1
21,7
-17,1
14,7
-14,1
14,7
-18,1
22,7
-18,1
18,7
-18,1
13,7
-13,1
13,7
-17,1
19,7
-15,1
14,7
-14,1
14,7
-18,1
20,7
-16,1
18,7
-18,1
14,7
-14,1
14,7
-18,1
21,7
-17,1
13,7
-13,1
12,7
-16,1
20,7
-16,1
18,7
-18,1
14,7
-14,1
14,7
-18,1
23,7
-18,1
13,7
-14,1
12,7
-16,1
21,7
-17,1
17,7
-17,1
-59979,17
-15,1
14,7
-18,1
22,7
-18,1
14,7
-14,1
14,7
-18,1
21,7
-17,1
16,7
-16,1
13,7
-13,1
14,7
-18,1
21,7
-17,1
13,7
-13,1
13,7
-17,1
22,7
-18,1
18,7
-18,1
14,7
-14,1
13,7
-17,1
22,7
-18,1
12,7
-12,1
14,7
-18,1
22,7
-18,1
18,7
-18,1
14,7
-14,1
14,7
-18,1
21,7
-18,1
14,7
-14,1
13,7
-17,1
20,7
-17,1
18,7
-18,1
13,7
-13,1
13,7
-17,1
21,7
-17,1
12,7
-12,1
11,7
-15,1
22,7
-18,1
18,7
-18,1
9,7
-9,1
13,7
-17,1
16,7
-12,1
15,7
-15,1
12,7
-15,1
18,7
-14,1
16,7
-16,1
12,7
-12,1
13,7
-18,1
22,7
-18,1
18,7
-18,1
14,7
-18,1
22,7
-18,1
18,7
-18,1
14,7
-14,1
14,7
-18,1
21,7
-17,1
18,7
-18,1
14,7
-14,1
12,7
-16,1
19,7
-15,1
10,7
-10,1
10,7
-14,1
21,7
-17,1
15,7
-15,1
14,7
-13,1
12,7
-17,1
22,7
-17,1
13,7
-13,1
14,7
-18,1
20,7
-17,1
17,7
-17,1
14,7
-14,1
13,7
-17,1
21,7
-16,1
14,7
-14,1
12,7
-16,1
22,7
-18,1
17,7
-17,1
12,7
-13,1
12,7
-16,1
21,7
-17,1
9,7
-9,1
11,7
-15,1
20,7
-16,1
15,7
-14,1
11,7
-13,1
13,7
-17,1
20,7
-16,1
10,7
-10,1
11,7
-15,1
17,7
-14,1
15,7
-15,1
12,7
-11,1
10,7
-15,1
18,7
-12,1
6,7
-7,1
9,7
-13,1
15,7
-11,1
12,7
-13,1
11,7
-7,1
5,7
-13,1
18,7
-14,1
8,7
-8,1
8,7
-12,1
16,7
-13,1
17,7
-18,1
12,7
-12,1
2,7
-6,1
22,7
-18,1
11,7
-11,1
-63997,7
-7,1
4,7
6,8
-6,1
-2,7
-1,3
7,5
-8,1
-1,6
12,1
-7,1
3,7
-3,1
4,7
-7,1
10,7
-7,1
5,7
-5,1
14,7
-14,1
13,7
-17,1
23,7
-18,1
13,7
-14,1
14,7
22,8
-18,1
18,7
-18,1
12,7
-12,1
14,7
-18,1
22,7
-18,1
14,7
-14,1
14,7
-18,1
17,7
-13,1
18,7
-18,1
14,7
-14,1
12,7
-16,1
19,7
-15,1
9,7
-9,1
13,7
-17,1
21,7
-17,1
17,7
-17,1
13,7
-13,1
13,7
-17,1
21,7
-17,1
17,7
-17,1
14,7
-18,1
20,7
-16,1
16,7
-16,1
12,7
-12,1
14,7
-18,1
20,7
-16,1
18,7
-18,1
13,7
-17,1
19,7
-15,1
16,7
-16,1
13,7
-13,1
13,7
-17,1
20,7
-16,1
15,7
-15,1
12,7
-16,1
21,7
-17,1
15,7
-15,1
12,7
-12,1
12,7
-16,1
20,7
-16,1
18,7
-17,1
14,7
-18,1
20,7
-16,1
17,7
-17,1
13,7
-14,1
13,7
-17,1
20,7
-16,1
17,7
-16,1
13,7
-18,1
20,7
-16,1
17,7
-17,1
14,7
-14,1
13,7
-17,1
22,7
-18,1
18,7
-18,1
13,7
-13,1
10,7
-14,1
17,7
-13,1
7,7
-6,1
11,7
-16,1
21,7
-17,1
16,7
-16,1
3,7
-3,1
12,7
-16,1
21,7
-17,1
13,7
-14,1
14,7
-18,1
21,7
-17,1
18,7
-18,1
14,7
-14,1
13,7
-17,1
22,7
-18,1
14,7
-14,1
10,7
-14,1
19,7
-15,1
15,7
-15,1
11,7
-11,1
11,7
-15,1
16,7
-12,1
7,7
-8,1
12,7
-16,1
21,7
-17,1
16,7
-16,1
11,7
-11,1
14,7
-18,1
22,7
-18,1
14,7
-14,1
14,7
-18,1
21,7
-18,1
17,7
-16,1
12,7
-13,1
14,7
-18,1
22,7
-18,1
12,7
-12,1
12,7
-16,1
22,7
-18,1
17,7
-17,1
13,7
-13,1
12,7
-16,1
21,7
-17,1
14,7
-14,1
14,7
-18,1
21,7
-17,1
17,7
-17,1
13,7
-13,1
13,7
-17,1
21,7
-17,1
13,7
-13,1
14,7
-18,1
21,7
-17,1
18,7
-18,1
14,7
-14,1
14,7
-18,1
22,7
-18,1
14,7
-14,1
13,7
-17,1
20,7
-16,1
16,7
-16,1
11,7
-11,1
15,7
-18,1
21,7
-18,1
14,7
-13,1
14,7
-18,1
21,7
-17,1
17,7
-18,1
14,7
-14,1
14,7
-18,1
22,7
-18,1
13,7
-14,1
14,7
-18,1
22,7
-17,1
17,7
-18,1
13,7
-13,1
12,7
-16,1
21,7
-16,1
12,7
-13,1
14,7
-18,1
21,7
-17,1
18,7
-17,1
12,7
-13,1
14,7
-17,1
19,7
-16,1
18,7
-18,1
14,7
-18,1
21,7
-17,1
17,7
-18,1
13,7
-13,1
14,7
-18,1
21,7
-17,1
16,7
-16,1
11,7
-16,1
20,7
-16,1
17,7
-17,1
11,7
-11,1
13,7
-18,1
22,7
-18,1
17,7
-18,1
15,7
-14,1
12,7
-17,1
22,7
-18,1
13,7
-14,1
13,7
-17,1
21,7
-17,1
17,7
-17,1
12,7
-13,1
14,7
-18,1
22,7
-18,1
13,7
-13,1
11,7
-16,1
19,7
-16,1
17,7
-18,1
14,7
-14,1
13,7
-18,1
22,7
-18,1
13,7
-13,1
14,7
-18,1
21,7
-17,1
17,7
-18,1
14,7
-14,1
-5934,6
-5918,6
-20,1
23,7
-19,1
15,7
-15,1
13,7
-18,1
20,7
-16,1
17,7
-17,1
13,7
-13,1
14,7
-18,1
20,7
-16,1
14,7
-13,1
13,7
-18,1
21,7
-18,1
17,7
-16,1
13,7
-14,1
15,7
-18,1
21,7
-18,1
11,7
-11,1
13,7
-16,1
21,7
-18,1
18,7
-18,1
13,7
-14,1
14,7
-18,1
21,7
-17,1
13,7
-13,1
12,7
-15,1
21,7
-18,1
19,7
-18,1
14,7
-14,1
13,7
-18,1
23,7
-18,1
13,7
-13,1
12,7
-16,1
19,7
-15,1
17,7
-18,1
14,7
-14,1
14,7
-18,1
22,7
-17,1
13,7
-14,1
14,7
-18,1
19,7
-15,1
15,7
-16,1
13,7
-13,1
11,7
-15,1
22,7
-17,1
12,7
-12,1
13,7
-18,1
22,7
-18,1
21,7
-17,1
9,7
-13,1
12,7
-16,1
22,7
-18,1
13,7
-13,1
14,7
-18,1
22,7
-18,1
19,7
-18,1
12,7
-13,1
12,7
-16,1
20,7
-16,1
10,7
-11,1
12,7
-16,1
21,7
-16,1
17,7
-17,1
12,7
-13,1
14,7
-18,1
22,7
-18,1
17,7
-17,1
13,7
-18,1
22,7
-17,1
17,7
-18,1
14,7
-14,1
14,7
-18,1
23,7
-18,1
18,7
-18,1
13,7
-18,1
21,7
-17,1
16,7
-16,1
13,7
-13,1
12,7
-16,1
22,7
-18,1
18,7
-18,1
13,7
-18,1
22,7
-17,1
16,7
-17,1
11,7
-12,1
12,7
-16,1
22,7
-18,1
18,7
-18,1
15,7
-18,1
21,7
-18,1
19,7
-18,1
13,7
-14,1
14,7
-18,1
22,7
-18,1
17,7
-17,1
13,7
-16,1
19,7
-16,1
19,7
-18,1
12,7
-13,1
13,7
-17,1
22,7
-17,1
17,7
-17,1
13,7
-14,1
13,7
-17,1
22,7
-18,1
13,7
-14,1
13,7
-17,1
21,7
-17,1
17,7
-17,1
14,7
-14,1
11,7
-16,1
20,7
-16,1
14,7
-14,1
14,7
-18,1
22,7
-18,1
18,7
-18,1
13,7
-14,1
13,7
-17,1
19,7
-16,1
14,7
-14,1
12,7
-16,1
20,7
-17,1
19,7
-18,1
13,7
-14,1
14,7
-18,1
22,7
-18,1
14,7
-14,1
13,7
-17,1
21,7
-17,1
17,7
-16,1
12,7
-12,1
13,7
-18,1
21,7
-16,1
13,7
-14,1
14,7
-17,1
19,7
-16,1
16,7
-16,1
13,7
-12,1
13,7
-18,1
22,7
-18,1
14,7
-14,1
14,7
-18,1
21,7
-17,1
19,7
-18,1
12,7
-13,1
13,7
-16,1
20,7
-16,1
12,7
-13,1
12,7
-16,1
22,7
-18,1
17,7
-17,1
13,7
-14,1
13,7
-16,1
20,7
-16,1
13,7
-13,1
13,7
-18,1
22,7
-18,1
18,7
-17,1
11,7
-12,1
14,7
-17,1
22,7
-18,1
14,7
-14,1
12,7
-16,1
22,7
-18,1
15,7
-16,1
10,7
-10,1
14,7
-17,1
20,7
-17,1
14,7
-14,1
14,7
-17,1
21,7
-17,1
13,7
-14,1
13,7
-12,1
11,7
-16,1
21,7
-17,1
11,7
-12,1
11,7
-15,1
21,7
-18,1
19,7
-18,1
13,7
-14,1
14,7
-18,1
20,7
-16,1
13,7
-13,1
13,7
-17,1
20,7
-16,1
16,7
-15,1
14,7
-14,1
12,7
-16,1
22,7
-18,1
16,7
-17,1
13,7
-17,1
20,7
-16,1
18,7
-18,1
12,7
-13,1
14,7
-18,1
22,7
-18,1
18,7
-18,1
13,7
-17,1
21,7
-18,1
14,7
-15,1
13,7
-13,1
14,7
-18,1
21,7
-17,1
18,7
-17,1
14,7
-14,1
13,7
-18,1
22,7
-18,1
14,7
-14,1
13,7
-17,1
21,7
-17,1
17,7
-17,1
12,7
-12,1
14,7
-18,1
22,7
-17,1
13,7
-14,1
14,7
-18,1
23,7
-18,1
16,7
-17,1
12,7
-12,1
12,7
-16,1
20,7
-17,1
13,7
-12,1
12,7
-16,1
20,7
-17,1
18,7
-18,1
14,7
-14,1
12,7
-16,1
20,7
-16,1
12,7
-13,1
14,7
-18,1
21,7
-18,1
18,7
-18,1
13,7
-14,1
13,7
-17,1
21,7
-16,1
12,7
-13,1
13,7
-17,1
19,7
-14,1
17,7
-18,1
13,7
-13,1
13,7
-17,1
22,7
-18,1
13,7
-14,1
13,7
-18,1
22,7
-18,1
16,7
-17,1
13,7
-13,1
13,7
-17,1
22,7
-18,1
14,7
-14,1
14,7
-18,1
22,7
-18,1
18,7
-17,1
12,7
-13,1
14,7
-18,1
20,7
-16,1
13,7
-12,1
12,7
-17,1
22,7
-18,1
19,7
-18,1
13,7
-13,1
12,7
-17,1
22,7
-17,1
14,7
-14,1
14,7
-18,1
21,7
-17,1
17,7
-18,1
14,7
-14,1
14,7
-18,1
22,7
-17,1
13,7
-14,1
13,7
-17,1
22,7
-18,1
16,7
-17,1
12,7
-13,1
14,7
-18,1
22,7
-17,1
14,7
-14,1
12,7
-16,1
21,7
-17,1
14,7
-15,1
12,7
-13,1
15,7
-18,1
21,7
-18,1
14,7
-14,1
14,7
-18,1
22,7
-18,1
19,7
-18,1
13,7
-14,1
14,7
-17,1
21,7
-18,1
17,7
-18,1
13,7
-17,1
22,7
-17,1
17,7
-17,1
11,7
-11,1
11,7
-16,1
21,7
-17,1
17,7
-17,1
13,7
-18,1
22,7
-18,1
-15859,15
-19,1
14,7
-15,1
14,7
-18,1
22,7
-18,1
18,7
-18,1
14,7
-18,1
22,7
-18,1
17,7
-18,1
14,7
-14,1
14,7
-18,1
22,7
-18,1
18,7
-17,1
12,7
-17,1
22,7
-18,1
18,7
-18,1
13,7
-14,1
13,7
-16,1
20,7
-16,1
17,7
-18,1
14,7
-17,1
19,7
-15,1
17,7
-18,1
15,7
-14,1
13,7
-18,1
22,7
-18,1
19,7
-18,1
11,7
-12,1
14,7
-18,1
19,7
-16,1
14,7
-14,1
14,7
-18,1
21,7
-17,1
16,7
-17,1
11,7
-11,1
14,7
-18,1
23,7
-18,1
13,7
-14,1
14,7
-18,1
22,7
-18,1
17,7
-18,1
14,7
-13,1
13,7
-18,1
21,7
-17,1
13,7
-14,1
14,7
-18,1
23,7
-18,1
17,7
-18,1
14,7
-14,1
15,7
-18,1
22,7
-18,1
13,7
-14,1
14,7
-18,1
22,7
-18,1
18,7
-18,1
12,7
-13,1
11,7
-15,1
21,7
-17,1
11,7
-12,1
12,7
-16,1
21,7
-17,1
18,7
-17,1
13,7
-13,1
14,7
-18,1
20,7
-16,1
13,7
-14,1
13,7
-18,1
22,7
-17,1
18,7
-18,1
13,7
-14,1
14,7
-18,1
20,7
-16,1
12,7
-13,1
14,7
-17,1
21,7
-17,1
18,7
-18,1
13,7
-13,1
13,7
-18,1
23,7
-18,1
13,7
-13,1
10,7
-15,1
22,7
-17,1
17,7
-17,1
12,7
-12,1
12,7
-16,1
22,7
-17,1
13,7
-14,1
13,7
-18,1
22,7
-18,1
18,7
-18,1
14,7
-14,1
14,7
-18,1
22,7
-18,1
14,7
-14,1
14,7
-18,1
22,7
-18,1
15,7
-16,1
10,7
-9,1
14,7
-18,1
18,7
-14,1
2,7
-2,1
4,7
-8,1
17,7
-14,1
16,7
-15,1
9,7
-10,1
11,7
-14,1
18,7
-14,1
10,7
-10,1
10,7
-14,1
17,7
-14,1
14,7
-12,1
12,7
-13,1
12,7
-16,1
19,7
-15,1
16,7
-16,1
12,7
-16,1
14,7
-11,1
18,7
-17,1
13,7
-13,1
12,7
-17,1
20,7
-15,1
15,7
-15,1
13,7
-18,1
21,7
-17,1
16,7
-16,1
12,7
-12,1
7,7
-11,1
14,7
-10,1
7,7
-7,1
4,7
-4,1
13,7
-17,1
21,7
-17,1
12,7
-12,1
10,7
-15,1
19,7
-15,1
16,7
-16,1
13,7
-13,1
13,7
-17,1
22,7
-18,1
13,7
-13,1
14,7
-18,1
21,7
-17,1
16,7
-16,1
14,7
-14,1
14,7
-18,1
22,7
-18,1
14,7
-14,1
12,7
-16,1
22,7
-18,1
17,7
-17,1
14,7
-14,1
13,7
-17,1
19,7
-15,1
11,7
-11,1
12,7
-16,1
22,7
-17,1
17,7
-17,1
13,7
-14,1
13,7
-17,1
20,7
-16,1
15,7
-14,1
11,7
-16,1
20,7
-16,1
17,7
-17,1
13,7
-13,1
13,7
-17,1
21,7
-17,1
13,7
-13,1
14,7
-18,1
21,7
-17,1
15,7
-15,1
13,7
-13,1
13,7
-17,1
22,7
-18,1
14,7
-14,1
14,7
-18,1
22,7
-18,1
17,7
-17,1
14,7
-14,1
14,7
-18,1
23,7
-18,1
12,7
-13,1
14,7
-18,1
21,7
-17,1
17,7
-17,1
14,7
-14,1
11,7
-15,1
20,7
-16,1
12,7
-12,1
12,7
-16,1
22,7
-18,1
18,7
-18,1
14,7
-14,1
13,7
-17,1
22,7
-18,1
13,7
-14,1
12,7
-16,1
22,7
-18,1
18,7
-18,1
13,7
-14,1
12,7
-16,1
21,7
-17,1
13,7
-13,1
13,7
-17,1
22,7
-18,1
17,7
-16,1
13,7
-13,1
9,7
-14,1
20,7
-17,1
14,7
-14,1
14,7
-18,1
21,7
-17,1
16,7
-16,1
13,7
-13,1
13,7
-17,1
23,7
-18,1
16,7
-17,1
13,7
-17,1
22,7
-18,1
15,7
-15,1
12,7
-12,1
10,7
-14,1
19,7
-15,1
16,7
-16,1
11,7
-15,1
21,7
-17,1
18,7
-18,1
13,7
-13,1
14,7
-18,1
20,7
-16,1
18,7
-18,1
14,7
-18,1
21,7
-17,1
17,7
-17,1
13,7
-13,1
13,7
-17,1
22,7
-18,1
17,7
-17,1
13,7
-17,1
20,7
-16,1
17,7
-17,1
12,7
-12,1
14,7
-18,1
22,7
-17,1
17,7
-18,1
14,7
-18,1
19,7
-15,1
18,7
-17,1
13,7
-14,1
13,7
-17,1
21,7
-17,1
17,7
-17,1
14,7
-14,1
13,7
-17,1
19,7
-15,1
13,7
-13,1
14,7
-18,1
20,7
-16,1
17,7
-17,1
14,7
-14,1
14,7
-18,1
22,7
-18,1
14,7
-14,1
13,7
-17,1
22,7
-18,1
18,7
-17,1
13,7
-14,1
14,7
-18,1
22,7
-18,1
14,7
-13,1
13,7
-18,1
21,7
-17,1
16,7
-17,1
13,7
-13,1
10,7
-14,1
19,7
-15,1
13,7
-13,1
13,7
-17,1
22,7
-18,1
16,7
-16,1
11,7
-12,1
13,7
-17,1
22,7
-18,1
13,7
-13,1
14,7
-18,1
21,7
-17,1
17,7
-17,1
13,7
-13,1
11,7
-15,1
19,7
-15,1
13,7
-13,1
12,7
-16,1
20,7
-16,1
19,7
-18,1
12,7
-13,1
13,7
-17,1
21,7
-17,1
13,7
-13,1
12,7
-17,1
21,7
-17,1
19,7
-19,1
-25802,11
-16,1
15,7
-19,1
23,7
-19,1
13,7
-14,1
14,7
-18,1
21,7
-17,1
17,7
-17,1
12,7
-12,1
12,7
-16,1
22,7
-18,1
12,7
-12,1
13,7
-17,1
22,7
-18,1
18,7
-18,1
14,7
-14,1
14,7
-18,1
22,7
-18,1
13,7
-13,1
13,7
-17,1
21,7
-17,1
17,7
-17,1
13,7
-13,1
13,7
-17,1
19,7
-15,1
14,7
-14,1
11,7
-15,1
21,7
-17,1
17,7
-16,1
13,7
-14,1
13,7
-17,1
20,7
-16,1
13,7
-13,1
11,7
-15,1
22,7
-18,1
18,7
-18,1
14,7
-14,1
13,7
-17,1
22,7
-18,1
17,7
-17,1
13,7
-17,1
20,7
-16,1
18,7
-18,1
12,7
-12,1
14,7
-18,1
21,7
-17,1
17,7
-17,1
13,7
-17,1
21,7
-17,1
16,7
-16,1
13,7
-13,1
13,7
-17,1
22,7
-18,1
18,7
-18,1
14,7
-14,1
14,7
-18,1
22,7
-18,1
14,7
-14,1
13,7
-17,1
20,7
-16,1
16,7
-16,1
11,7
-11,1
12,7
-16,1
21,7
-17,1
14,7
-14,1
14,7
-18,1
21,7
-17,1
17,7
-17,1
13,7
-13,1
14,7
-18,1
22,7
-18,1
12,7
-12,1
14,7
-18,1
22,7
-17,1
14,7
-15,1
11,7
-11,1
12,7
-16,1
19,7
-15,1
12,7
-12,1
12,7
-16,1
21,7
-17,1
17,7
-17,1
14,7
-14,1
14,7
-17,1
19,7
-16,1
10,7
-10,1
13,7
-17,1
22,7
-18,1
19,7
-18,1
12,7
-13,1
13,7
-17,1
20,7
-16,1
13,7
-13,1
12,7
-16,1
19,7
-15,1
19,7
-18,1
12,7
-13,1
14,7
-18,1
22,7
-18,1
13,7
-13,1
14,7
-18,1
19,7
-15,1
17,7
-17,1
12,7
-12,1
14,7
-18,1
21,7
-17,1
13,7
-13,1
13,7
-18,1
19,7
-15,1
10,7
-10,1
13,7
-13,1
10,7
-14,1
19,7
-15,1
13,7
-13,1
14,7
-18,1
22,7
-18,1
17,7
-17,1
12,7
-12,1
12,7
-16,1
22,7
-18,1
14,7
-14,1
13,7
-17,1
22,7
-18,1
18,7
-18,1
14,7
-14,1
13,7
-17,1
20,7
-16,1
14,7
-14,1
12,7
-16,1
21,7
-17,1
17,7
-17,1
12,7
-12,1
13,7
-17,1
20,7
-16,1
18,7
-13,1
7,7
-16,1
19,7
-15,1
17,7
-17,1
14,7
-14,1
12,7
-16,1
20,7
-16,1
17,7
-17,1
13,7
-17,1
20,7
-16,1
18,7
-18,1
12,7
-12,1
12,7
-16,1
21,7
-17,1
16,7
-16,1
11,7
-15,1
22,7
-18,1
17,7
-17,1
15,7
-14,1
13,7
-18,1
22,7
-18,1
18,7
-18,1
14,7
-18,1
20,7
-16,1
17,7
-16,1
11,7
-12,1
13,7
-17,1
19,7
-15,1
17,7
-17,1
11,7
-15,1
22,7
-18,1
18,7
-17,1
13,7
-14,1
11,7
-15,1
21,7
-17,1
16,7
-16,1
12,7
-16,1
17,7
-13,1
16,7
-16,1
13,7
-11,1
11,7
-17,1
22,7
-18,1
18,7
-18,1
14,7
-14,1
13,7
-17,1
19,7
-15,1
12,7
-12,1
12,7
-16,1
23,7
-18,1
15,7
-16,1
13,7
-13,1
12,7
-16,1
21,7
-17,1
14,7
-14,1
6,7
-10,1
17,7
-13,1
18,7
-18,1
10,7
-10,1
14,7
-18,1
22,7
-18,1
14,7
-14,1
14,7
-18,1
20,7
-16,1
17,7
-17,1
13,7
-13,1
12,7
-16,1
22,7
-18,1
14,7
-14,1
13,7
-17,1
22,7
-18,1
18,7
-18,1
14,7
-14,1
13,7
-17,1
21,7
-17,1
14,7
-14,1
14,7
-18,1
19,7
-15,1
16,7
-16,1
14,7
-14,1
13,7
-17,1
22,7
-18,1
13,7
-12,1
13,7
-18,1
21,7
-17,1
18,7
-18,1
11,7
-11,1
13,7
-17,1
20,7
-16,1
11,7
-11,1
14,7
-18,1
21,7
-16,1
16,7
-17,1
14,7
-14,1
14,7
-18,1
22,7
-18,1
13,7
-13,1
11,7
-15,1
21,7
-17,1
19,7
-18,1
13,7
-14,1
14,7
-18,1
22,7
-18,1
14,7
-14,1
14,7
-18,1
22,7
-18,1
17,7
-17,1
12,7
-12,1
14,7
-18,1
22,7
-18,1
13,7
-13,1
11,7
-15,1
20,7
-16,1
15,7
-15,1
14,7
-14,1
14,7
-18,1
20,7
-16,1
12,7
-12,1
14,7
-18,1
21,7
-17,1
18,7
-18,1
14,7
-14,1
14,7
-18,1
22,7
-18,1
14,7
-14,1
14,7
-18,1
22,7
-18,1
18,7
-18,1
12,7
-12,1
11,7
-15,1
22,7
-18,1
18,7
-18,1
13,7
-17,1
19,7
-15,1
17,7
-17,1
14,7
-14,1
13,7
-17,1
20,7
-16,1
18,7
-18,1
14,7
-18,1
22,7
-18,1
18,7
-18,1
14,7
-14,1
14,7
-18,1
22,7
-18,1
18,7
-18,1
14,7
-14,1
14,7
-18,1
21,7
-17,1
12,7
-12,1
12,7
-16,1
20,7
-16,1
18,7
-18,1
13,7
-13,1
13,7
-17,1
20,7
-16,1
14,7
-13,1
11,7
-16,1
21,7
-17,1
23,7
-17,1
9,7
-13,1
15,7
-17,1
18,7
-17,1
15,7
-13,1
13,7
-17,1
22,7
-17,1
15,7
-16,1
13,7
-15,1
-35742,15
-20,1
22,7
-19,1
14,7
-14,1
8,7
-12,1
24,7
-18,1
19,7
-17,1
3,7
-6,1
9,7
-13,1
19,7
-15,1
9,7
-9,1
7,7
-11,1
22,7
-15,1
13,7
-16,1
8,7
-8,1
9,7
-14,1
18,7
-13,1
14,7
-14,1
14,7
-18,1
22,7
-18,1
14,7
-14,1
11,7
-11,1
8,7
-12,1
17,7
-13,1
10,7
-10,1
12,7
-16,1
18,7
-15,1
15,7
-15,1
11,7
-11,1
11,7
-15,1
21,7
-16,1
10,7
-10,1
9,7
-13,1
19,7
-15,1
16,7
-16,1
10,7
-10,1
9,7
-14,1
19,7
-14,1
10,7
-9,1
7,7
-13,1
20,7
-15,1
14,7
-15,1
11,7
-11,1
14,7
-18,1
22,7
-18,1
10,7
-10,1
13,7
-17,1
19,7
-16,1
17,7
-17,1
12,7
-12,1
8,7
-12,1
19,7
-15,1
12,7
-12,1
11,7
-15,1
21,7
-17,1
17,7
-17,1
12,7
-12,1
11,7
-15,1
22,7
-18,1
11,7
-11,1
13,7
-17,1
19,7
-15,1
17,7
-17,1
12,7
-12,1
10,7
-14,1
21,7
-17,1
15,7
-15,1
13,7
-17,1
22,7
-18,1
17,7
-17,1
14,7
-14,1
13,7
-17,1
21,7
-17,1
17,7
-17,1
14,7
-18,1
21,7
-17,1
17,7
-17,1
15,7
-14,1
12,7
-17,1
22,7
-18,1
15,7
-15,1
11,7
-15,1
19,7
-15,1
18,7
-18,1
15,7
-14,1
13,7
-18,1
22,7
-18,1
18,7
-18,1
11,7
-15,1
20,7
-16,1
17,7
-16,1
10,7
-11,1
8,7
-12,1
22,7
-17,1
14,7
-15,1
12,7
-16,1
22,7
-18,1
16,7
-16,1
13,7
-13,1
12,7
-16,1
21,7
-17,1
18,7
-18,1
13,7
-13,1
14,7
-18,1
21,7
-17,1
14,7
-14,1
13,7
-17,1
20,7
-16,1
17,7
-17,1
14,7
-14,1
14,7
-18,1
21,7
-17,1
14,7
-14,1
13,7
-17,1
20,7
-16,1
17,7
-17,1
13,7
-13,1
15,7
-18,1
22,7
-18,1
13,7
-14,1
15,7
-18,1
19,7
-16,1
18,7
-18,1
12,7
-12,1
14,7
-18,1
22,7
-18,1
14,7
-13,1
12,7
-17,1
20,7
-16,1
16,7
-16,1
14,7
-14,1
13,7
-17,1
19,7
-15,1
8,7
-8,1
10,7
-14,1
20,7
-16,1
19,7
-18,1
12,7
-14,1
14,7
-18,1
22,7
-18,1
13,7
-13,1
12,7
-16,1
20,7
-16,1
17,7
-17,1
12,7
-12,1
13,7
-17,1
21,7
-17,1
11,7
-11,1
12,7
-15,1
13,7
-10,1
16,7
-16,1
8,7
-8,1
13,7
-17,1
21,7
-17,1
11,7
-12,1
12,7
-16,1
21,7
-17,1
18,7
-18,1
10,7
-10,1
13,7
-17,1
22,7
-18,1
14,7
-14,1
13,7
-17,1
21,7
-17,1
18,7
-18,1
14,7
-14,1
11,7
-15,1
18,7
-14,1
11,7
-11,1
12,7
-15,1
21,7
-18,1
16,7
-16,1
14,7
-14,1
14,7
-18,1
21,7
-17,1
12,7
-12,1
14,7
-18,1
19,7
-15,1
17,7
-17,1
14,7
-14,1
14,7
-18,1
21,7
-17,1
14,7
-14,1
12,7
-16,1
17,7
-13,1
16,7
-16,1
11,7
-11,1
14,7
-18,1
22,7
-18,1
18,7
-18,1
14,7
-18,1
23,7
-18,1
13,7
-14,1
15,7
-14,1
13,7
-18,1
21,7
-17,1
18,7
-18,1
14,7
-18,1
22,7
-18,1
16,7
-16,1
11,7
-11,1
12,7
-16,1
20,7
-16,1
12,7
-12,1
10,7
-10,1
10,7
-14,1
19,7
-15,1
13,7
-13,1
8,7
-12,1
20,7
-17,1
18,7
-18,1
13,7
-13,1
12,7
-16,1
25,7
-18,1
8,7
-11,1
13,7
-16,1
21,7
-18,1
15,7
-15,1
14,7
-14,1
13,7
-17,1
21,7
-16,1
12,7
-13,1
13,7
-17,1
21,7
-17,1
19,7
-17,1
11,7
-13,1
13,7
-17,1
22,7
-18,1
10,7
-10,1
12,7
-16,1
16,7
-12,1
16,7
-16,1
12,7
-12,1
13,7
-17,1
22,7
-17,1
12,7
-13,1
14,7
-18,1
22,7
-18,1
15,7
-15,1
10,7
-10,1
13,7
-17,1
21,7
-17,1
14,7
-14,1
13,7
-17,1
23,7
-18,1
17,7
-18,1
13,7
-13,1
14,7
-17,1
20,7
-17,1
10,7
-10,1
13,7
-16,1
21,7
-18,1
18,7
-18,1
14,7
-14,1
14,7
-18,1
22,7
-18,1
15,7
-14,1
12,7
-17,1
22,7
-18,1
19,7
-18,1
12,7
-13,1
13,7
-18,1
19,7
-15,1
14,7
-14,1
12,7
-16,1
20,7
-16,1
15,7
-15,1
12,7
-12,1
11,7
-15,1
22,7
-18,1
14,7
-14,1
13,7
-17,1
20,7
-16,1
17,7
-17,1
12,7
-12,1
12,7
-16,1
22,7
-18,1
13,7
-13,1
13,7
-17,1
22,7
-18,1
17,7
-17,1
13,7
-13,1
13,7
-17,1
21,7
-17,1
13,7
-13,1
13,7
-17,1
22,7
-18,1
18,7
-18,1
13,7
-13,1
14,7
-18,1
20,7
-16,1
18,7
-18,1
14,7
-18,1
21,7
-17,1
15,7
-15,1
13,7
-13,1
13,7
-17,1
18,7
-14,1
15,7
-15,1
11,7
-15,1
22,7
-18,1
-45682,11
-19,1
13,7
-14,1
14,7
-18,1
22,7
-18,1
18,7
-18,1
14,7
-18,1
20,7
-16,1
18,7
-18,1
14,7
-14,1
14,7
-18,1
22,7
-18,1
18,7
-18,1
14,7
-18,1
22,7
-18,1
18,7
-18,1
12,7
-12,1
13,7
-17,1
20,7
-16,1
18,7
-18,1
13,7
-17,1
22,7
-18,1
18,7
-18,1
14,7
-14,1
14,7
-18,1
20,7
-15,1
17,7
-18,1
14,7
-14,1
14,7
-18,1
22,7
-18,1
14,7
-14,1
13,7
-17,1
22,7
-18,1
16,7
-16,1
10,7
-10,1
13,7
-17,1
22,7
-18,1
12,7
-13,1
14,7
-18,1
22,7
-18,1
18,7
-18,1
14,7
-14,1
13,7
-17,1
22,7
-18,1
14,7
-14,1
14,7
-18,1
22,7
-18,1
18,7
-18,1
14,7
-14,1
14,7
-18,1
22,7
-18,1
11,7
-11,1
12,7
-16,1
21,7
-17,1
18,7
-18,1
14,7
-14,1
14,7
-18,1
22,7
-18,1
14,7
-14,1
12,7
-16,1
22,7
-18,1
18,7
-18,1
13,7
-13,1
14,7
-18,1
22,7
-18,1
14,7
-14,1
13,7
-17,1
22,7
-18,1
18,7
-18,1
14,7
-14,1
13,7
-17,1
22,7
-18,1
13,7
-13,1
14,7
-18,1
22,7
-18,1
18,7
-18,1
13,7
-13,1
14,7
-18,1
22,7
-18,1
14,7
-14,1
12,7
-16,1
22,7
-18,1
17,7
-17,1
14,7
-14,1
11,7
-15,1
21,7
-17,1
12,7
-12,1
10,7
-14,1
22,7
-18,1
18,7
-18,1
14,7
-14,1
14,7
-18,1
22,7
-18,1
14,7
-14,1
13,7
-17,1
22,7
-18,1
18,7
-18,1
14,7
-14,1
14,7
-18,1
21,7
-17,1
13,7
-13,1
13,7
-17,1
21,7
-17,1
17,7
-17,1
13,7
-13,1
12,7
-16,1
22,7
-18,1
14,7
-14,1
14,7
-18,1
22,7
-18,1
16,7
-16,1
12,7
-12,1
13,7
-17,1
22,7
-18,1
17,7
-17,1
14,7
-18,1
22,7
-18,1
16,7
-16,1
14,7
-14,1
12,7
-16,1
21,7
-17,1
16,7
-16,1
12,7
-16,1
20,7
-16,1
18,7
-18,1
14,7
-14,1
13,7
-17,1
22,7
-18,1
17,7
-17,1
12,7
-12,1
14,7
-18,1
22,7
-18,1
14,7
-14,1
14,7
-18,1
22,7
-18,1
15,7
-16,1
13,7
-13,1
13,7
-17,1
21,7
-17,1
12,7
-12,1
14,7
-18,1
22,7
-18,1
16,7
-16,1
14,7
-14,1
13,7
-17,1
20,7
-16,1
12,7
-12,1
12,7
-16,1
22,7
-18,1
18,7
-18,1
13,7
-13,1
12,7
-16,1
21,7
-17,1
14,7
-14,1
14,7
-18,1
20,7
-17,1
16,7
-16,1
13,7
-13,1
13,7
-17,1
21,7
-17,1
14,7
-14,1
13,7
-17,1
22,7
-18,1
16,7
-16,1
13,7
-13,1
13,7
-17,1
22,7
-18,1
14,7
-14,1
13,7
-17,1
21,7
-17,1
17,7
-17,1
10,7
-10,1
13,7
-17,1
23,7
-18,1
11,7
-12,1
13,7
-17,1
19,7
-16,1
17,7
-16,1
14,7
-14,1
14,7
-18,1
21,7
-18,1
14,7
-14,1
14,7
-18,1
21,7
-17,1
18,7
-18,1
14,7
-14,1
14,7
-18,1
21,7
-17,1
14,7
-14,1
13,7
-17,1
20,7
-16,1
15,7
-15,1
11,7
-11,1
11,7
-15,1
18,7
-14,1
14,7
-14,1
13,7
-17,1
20,7
-16,1
16,7
-16,1
13,7
-13,1
12,7
-17,1
20,7
-16,1
13,7
-12,1
12,7
-16,1
21,7
-18,1
17,7
-17,1
13,7
-13,1
13,7
-17,1
22,7
-18,1
14,7
-14,1
14,7
-18,1
22,7
-18,1
18,7
-18,1
14,7
-14,1
13,7
-17,1
21,7
-17,1
17,7
-17,1
10,7
-14,1
19,7
-15,1
14,7
-14,1
12,7
-12,1
13,7
-17,1
21,7
-17,1
17,7
-17,1
13,7
-17,1
20,7
-16,1
16,7
-15,1
12,7
-13,1
15,7
-18,1
20,7
-17,1
18,7
-18,1
13,7
-17,1
22,7
-18,1
17,7
-17,1
14,7
-14,1
14,7
-18,1
22,7
-18,1
17,7
-17,1
10,7
-14,1
18,7
-14,1
15,7
-15,1
11,7
-11,1
10,7
-14,1
18,7
-14,1
17,7
-17,1
13,7
-17,1
22,7
-18,1
18,7
-18,1
14,7
-14,1
14,7
-18,1
22,7
-18,1
18,7
-18,1
14,7
-14,1
14,7
-18,1
22,7
-18,1
13,7
-13,1
12,7
-16,1
22,7
-18,1
18,7
-18,1
12,7
-12,1
14,7
-18,1
20,7
-16,1
13,7
-13,1
14,7
-18,1
22,7
-18,1
18,7
-18,1
13,7
-14,1
14,7
-18,1
22,7
-18,1
14,7
-14,1
14,7
-18,1
22,7
-18,1
18,7
-18,1
12,7
-12,1
14,7
-18,1
23,7
-18,1
11,7
-12,1
13,7
-17,1
21,7
-17,1
18,7
-18,1
13,7
-13,1
12,7
-16,1
21,7
-17,1
13,7
-13,1
14,7
-18,1
20,7
-16,1
17,7
-17,1
13,7
-13,1
12,7
-16,1
20,7
-16,1
12,7
-12,1
11,7
-15,1
20,7
-16,1
15,7
-15,1
14,7
-14,1
14,7
-18,1
21,7
-17,1
14,7
-14,1
14,7
-18,1
21,7
-17,1
19,7
-19,1
-55627,17
-15,1
15,7
-19,1
22,7
-18,1
14,7
-14,1
14,7
-18,1
22,7
-18,1
18,7
-18,1
14,7
-14,1
12,7
-16,1
22,7
-18,1
14,7
-14,1
14,7
-18,1
21,7
-17,1
18,7
-18,1
13,7
-13,1
14,7
-18,1
22,7
-18,1
14,7
-14,1
15,7
-18,1
21,7
-18,1
17,7
-17,1
14,7
-14,1
14,7
-18,1
22,7
-18,1
14,7
-13,1
12,7
-17,1
21,7
-18,1
18,7
-18,1
13,7
-13,1
14,7
-17,1
20,7
-17,1
14,7
-14,1
13,7
-17,1
22,7
-18,1
18,7
-18,1
13,7
-13,1
12,7
-16,1
22,7
-18,1
17,7
-17,1
10,7
-14,1
19,7
-15,1
14,7
-14,1
14,7
-14,1
12,7
-16,1
22,7
-18,1
17,7
-17,1
14,7
-18,1
22,7
-18,1
16,7
-16,1
12,7
-12,1
14,7
-18,1
23,7
-18,1
18,7
-18,1
14,7
-14,1
14,7
-18,1
20,7
-17,1
14,7
-14,1
12,7
-16,1
21,7
-17,1
16,7
-16,1
12,7
-12,1
13,7
-17,1
21,7
-18,1
14,7
-14,1
14,7
-18,1
22,7
-18,1
16,7
-16,1
13,7
-14,1
14,7
-18,1
23,7
-18,1
13,7
-14,1
14,7
-18,1
23,7
-18,1
17,7
-17,1
12,7
-13,1
13,7
-16,1
22,7
-18,1
12,7
-13,1
14,7
-18,1
22,7
-18,1
17,7
-18,1
14,7
-14,1
12,7
-17,1
21,7
-18,1
12,7
-12,1
14,7
-18,1
22,7
-18,1
19,7
-18,1
14,7
-14,1
13,7
-18,1
20,7
-16,1
12,7
-13,1
14,7
-18,1
20,7
-16,1
19,7
-18,1
12,7
-13,1
14,7
-18,1
22,7
-17,1
13,7
-14,1
12,7
-17,1
22,7
-17,1
17,7
-18,1
12,7
-11,1
14,7
-18,1
22,7
-18,1
13,7
-13,1
13,7
-18,1
22,7
-17,1
17,7
-17,1
12,7
-13,1
13,7
-17,1
21,7
-17,1
14,7
-14,1
14,7
-18,1
23,7
-18,1
16,7
-17,1
14,7
-14,1
12,7
-16,1
20,7
-16,1
12,7
-12,1
14,7
-18,1
22,7
-18,1
18,7
-18,1
13,7
-14,1
14,7
-18,1
22,7
-18,1
12,7
-11,1
13,7
-18,1
20,7
-16,1
17,7
-17,1
14,7
-14,1
15,7
-18,1
21,7
-17,1
15,7
-13,1
10,7
-17,1
18,7
-14,1
16,7
-17,1
13,7
-13,1
14,7
-18,1
23,7
-18,1
18,7
-18,1
13,7
-17,1
22,7
-18,1
17,7
-17,1
14,7
-14,1
13,7
-17,1
18,7
-14,1
10,7
-10,1
10,7
-14,1
21,7
-17,1
17,7
-17,1
14,7
-14,1
13,7
-18,1
21,7
-17,1
17,7
-17,1
12,7
-16,1
19,7
-16,1
18,7
-17,1
12,7
-12,1
13,7
-17,1
18,7
-15,1
13,7
-13,1
11,7
-15,1
20,7
-15,1
17,7
-18,1
11,7
-11,1
13,7
-16,1
21,7
-17,1
16,7
-17,1
12,7
-17,1
21,7
-16,1
17,7
-18,1
14,7
-14,1
13,7
-17,1
20,7
-16,1
18,7
-18,1
14,7
-14,1
10,7
-14,1
20,7
-17,1
12,7
-13,1
13,7
-17,1
20,7
-17,1
17,7
-16,1
13,7
-13,1
13,7
-18,1
23,7
-18,1
13,7
-14,1
14,7
-18,1
21,7
-16,1
17,7
-18,1
13,7
-13,1
14,7
-18,1
21,7
-17,1
14,7
-14,1
13,7
-17,1
21,7
-17,1
18,7
-18,1
12,7
-12,1
11,7
-15,1
24,7
-18,1
11,7
-12,1
13,7
-18,1
23,7
-18,1
18,7
-18,1
13,7
-13,1
12,7
-17,1
22,7
-18,1
14,7
-14,1
14,7
-18,1
22,7
-18,1
18,7
-18,1
14,7
-14,1
14,7
-18,1
22,7
-17,1
12,7
-12,1
11,7
-16,1
22,7
-18,1
17,7
-18,1
13,7
-13,1
13,7
-17,1
19,7
-16,1
14,7
-14,1
13,7
-17,1
22,7
-18,1
17,7
-18,1
13,7
-13,1
14,7
-17,1
21,7
-17,1
13,7
-13,1
11,7
-16,1
23,7
-18,1
16,7
-17,1
13,7
-13,1
11,7
-15,1
23,7
-18,1
15,7
-14,1
12,7
-18,1
-63978,7
-18,1
18,7
-17,1
13,7
-14,1
13,7
-17,1
22,7
-18,1
14,7
-13,1
13,7
-18,1
22,7
-18,1
18,7
-18,1
13,7
-14,1
13,7
-17,1
22,7
-18,1
12,7
-12,1
11,7
-15,1
23,7
-18,1
64017,7
-18,1
12,7
-12,1
15,7
-18,1
21,7
-18,1
14,7
-13,1
12,7
-16,1
21,7
-18,1
19,7
-18,1
14,7
-14,1
10,7
-15,1
22,7
-17,1
16,7
-16,1
12,7
-17,1
21,7
-17,1
16,7
-17,1
12,7
-11,1
12,7
-17,1
21,7
-17,1
15,7
-16,1
13,7
-16,1
20,7
-17,1
17,7
-17,1
12,7
-12,1
13,7
-17,1
22,7
-18,1
18,7
-17,1
13,7
-14,1
14,7
-18,1
20,7
-16,1
13,7
-13,1
13,7
-17,1
21,7
-16,1
13,7
-14,1
12,7
-13,1
14,7
-18,1
22,7
-18,1
13,7
-13,1
13,7
-17,1
22,7
-17,1
17,7
-18,1
14,7
-14,1
14,7
-18,1
23,7
-18,1
13,7
-14,1
13,7
-17,1
20,7
-16,1
16,7
-16,1
11,7
-11,1
-1567,16
-19,1
20,7
-17,1
13,7
-12,1
14,7
-18,1
21,7
-18,1
18,7
-18,1
14,7
-14,1
13,7
-17,1
22,7
-18,1
12,7
-12,1
15,7
-18,1
21,7
-18,1
19,7
-18,1
13,7
-14,1
13,7
-17,1
20,7
-16,1
13,7
-13,1
10,7
-14,1
21,7
-17,1
18,7
-17,1
11,7
-11,1
13,7
-17,1
21,7
-17,1
12,7
-13,1
13,7
-17,1
21,7
-17,1
18,7
-18,1
14,7
-14,1
13,7
-17,1
22,7
-18,1
13,7
-13,1
13,7
-17,1
21,7
-17,1
17,7
-17,1
12,7
-12,1
13,7
-17,1
21,7
-17,1
11,7
-12,1
13,7
-17,1
22,7
-18,1
17,7
-18,1
15,7
-15,1
13,7
-17,1
22,7
-18,1
13,7
-13,1
13,7
-16,1
21,7
-18,1
18,7
-18,1
13,7
-14,1
13,7
-17,1
21,7
-17,1
13,7
-13,1
11,7
-14,1
20,7
-17,1
19,7
-18,1
12,7
-13,1
14,7
-18,1
21,7
-17,1
14,7
-14,1
13,7
-17,1
22,7
-18,1
19,7
-18,1
12,7
-12,1
13,7
-18,1
22,7
-17,1
17,7
-17,1
12,7
-17,1
20,7
-15,1
17,7
-17,1
12,7
-12,1
12,7
-17,1
22,7
-17,1
18,7
-18,1
14,7
-18,1
22,7
-18,1
17,7
-17,1
13,7
-13,1
12,7
-17,1
21,7
-17,1
19,7
-18,1
14,7
-18,1
20,7
-17,1
18,7
-18,1
14,7
-14,1
12,7
-17,1
22,7
-18,1
17,7
-16,1
10,7
-15,1
20,7
-16,1
17,7
-17,1
11,7
-12,1
12,7
-17,1
22,7
-18,1
16,7
-15,1
12,7
-17,1
21,7
-16,1
17,7
-17,1
12,7
-13,1
14,7
-17,1
21,7
-17,1
17,7
-17,1
13,7
-13,1
12,7
-17,1
18,7
-15,1
13,7
-13,1
13,7
-17,1
21,7
-16,1
16,7
-16,1
13,7
-13,1
12,7
-17,1
23,7
-18,1
13,7
-14,1
14,7
-18,1
22,7
-17,1
17,7
-18,1
14,7
-14,1
13,7
-17,1
20,7
-17,1
14,7
-14,1
14,7
-18,1
22,7
-18,1
18,7
-18,1
14,7
-14,1
14,7
-18,1
21,7
-17,1
14,7
-13,1
12,7
-17,1
22,7
-18,1
18,7
-17,1
12,7
-13,1
13,7
-16,1
19,7
-15,1
13,7
-14,1
13,7
-17,1
21,7
-18,1
17,7
-17,1
14,7
-14,1
14,7
-17,1
22,7
-18,1
13,7
-14,1
13,7
-17,1
20,7
-17,1
18,7
-18,1
14,7
-14,1
14,7
-18,1
21,7
-17,1
14,7
-13,1
12,7
-17,1
22,7
-17,1
16,7
-16,1
12,7
-13,1
12,7
-15,1
20,7
-17,1
14,7
-13,1
11,7
-16,1
18,7
-13,1
18,7
-18,1
14,7
-14,1
13,7
-17,1
22,7
-18,1
14,7
-14,1
13,7
-18,1
21,7
-16,1
17,7
-18,1
12,7
-12,1
14,7
-18,1
22,7
-18,1
13,7
-13,1
13,7
-18,1
23,7
-18,1
18,7
-18,1
12,7
-13,1
11,7
-15,1
19,7
-15,1
8,7
-7,1
12,7
-17,1
21,7
-17,1
17,7
-16,1
14,7
-14,1
12,7
-16,1
20,7
-17,1
13,7
-13,1
12,7
-17,1
21,7
-18,1
17,7
-18,1
12,7
-12,1
13,7
-18,1
22,7
-18,1
19,7
-18,1
13,7
-18,1
22,7
-17,1
17,7
-18,1
13,7
-13,1
14,7
-17,1
20,7
-16,1
17,7
-17,1
11,7
-15,1
20,7
-16,1
15,7
-16,1
13,7
-14,1
13,7
-17,1
22,7
-18,1
18,7
-18,1
14,7
-14,1
14,7
-18,1
22,7
-18,1
13,7
-13,1
14,7
-18,1
22,7
-17,1
15,7
-16,1
12,7
-13,1
10,7
-14,1
18,7
-14,1
13,7
-12,1
12,7
-17,1
20,7
-16,1
17,7
-17,1
13,7
-14,1
14,7
-18,1
21,7
-16,1
12,7
-13,1
14,7
-18,1
22,7
-18,1
18,7
-18,1
13,7
-13,1
13,7
-17,1
22,7
-17,1
12,7
-12,1
14,7
-18,1
22,7
-18,1
16,7
-17,1
12,7
-12,1
10,7
-14,1
22,7
-17,1
11,7
-12,1
13,7
-17,1
20,7
-16,1
17,7
-16,1
13,7
-13,1
13,7
-17,1
18,7
-15,1
13,7
-13,1
14,7
-18,1
22,7
-17,1
18,7
-18,1
12,7
-13,1
13,7
-17,1
22,7
-18,1
14,7
-14,1
14,7
-18,1
22,7
-18,1
17,7
-18,1
12,7
-12,1
11,7
-15,1
21,7
-16,1
13,7
-13,1
13,7
-18,1
20,7
-17,1
18,7
-18,1
13,7
-14,1
13,7
-18,1
22,7
-17,1
13,7
-14,1
13,7
-17,1
22,7
-18,1
18,7
-18,1
14,7
-14,1
14,7
-18,1
21,7
-17,1
14,7
-14,1
14,7
-18,1
23,7
-18,1
18,7
-18,1
10,7
-11,1
12,7
-16,1
19,7
-15,1
12,7
-12,1
13,7
-16,1
20,7
-17,1
17,7
-17,1
14,7
-14,1
14,7
-18,1
20,7
-16,1
12,7
-12,1
13,7
-18,1
21,7
-17,1
18,7
-18,1
13,7
-13,1
13,7
-18,1
22,7
-18,1
18,7
-18,1
14,7
-18,1
22,7
-17,1
18,7
-18,1
14,7
-14,1
13,7
-18,1
20,7
-16,1
17,7
-16,1
12,7
-17,1
21,7
-17,1
-11506,17
-19,1
12,7
-12,1
15,7
-19,1
22,7
-18,1
16,7
-17,1
13,7
-17,1
21,7
-17,1
18,7
-18,1
14,7
-14,1
14,7
-17,1
21,7
-18,1
18,7
-18,1
12,7
-16,1
21,7
-17,1
15,7
-14,1
12,7
-13,1
12,7
-16,1
21,7
-17,1
19,7
-18,1
13,7
-18,1
22,7
-17,1
16,7
-17,1
14,7
-13,1
13,7
-18,1
23,7
-18,1
17,7
-17,1
13,7
-13,1
12,7
-17,1
21,7
-17,1
14,7
-14,1
14,7
-18,1
19,7
-16,1
16,7
-16,1
13,7
-13,1
12,7
-16,1
23,7
-18,1
13,7
-14,1
13,7
-16,1
22,7
-18,1
16,7
-17,1
11,7
-12,1
13,7
-17,1
23,7
-18,1
12,7
-13,1
15,7
-18,1
21,7
-17,1
18,7
-18,1
13,7
-14,1
13,7
-17,1
20,7
-16,1
12,7
-12,1
13,7
-16,1
19,7
-16,1
19,7
-18,1
12,7
-13,1
13,7
-17,1
20,7
-15,1
13,7
-14,1
13,7
-17,1
22,7
-18,1
18,7
-18,1
14,7
-14,1
13,7
-18,1
22,7
-18,1
13,7
-14,1
13,7
-17,1
20,7
-16,1
17,7
-17,1
12,7
-12,1
13,7
-17,1
23,7
-18,1
13,7
-13,1
13,7
-18,1
22,7
-18,1
16,7
-17,1
11,7
-12,1
14,7
-18,1
22,7
-18,1
13,7
-13,1
14,7
-18,1
22,7
-17,1
16,7
-17,1
12,7
-12,1
13,7
-16,1
19,7
-16,1
13,7
-13,1
10,7
-15,1
21,7
-17,1
19,7
-18,1
12,7
-13,1
13,7
-17,1
22,7
-17,1
13,7
-13,1
12,7
-17,1
22,7
-18,1
18,7
-18,1
14,7
-14,1
13,7
-17,1
22,7
-18,1
15,7
-14,1
11,7
-16,1
22,7
-17,1
16,7
-16,1
12,7
-12,1
13,7
-17,1
21,7
-17,1
14,7
-14,1
13,7
-18,1
23,7
-18,1
17,7
-17,1
11,7
-12,1
14,7
-18,1
22,7
-18,1
17,7
-17,1
13,7
-17,1
22,7
-18,1
16,7
-16,1
12,7
-13,1
13,7
-17,1
22,7
-17,1
17,7
-17,1
11,7
-16,1
22,7
-18,1
18,7
-18,1
14,7
-14,1
14,7
-18,1
19,7
-16,1
18,7
-17,1
12,7
-13,1
14,7
-18,1
22,7
-18,1
14,7
-14,1
15,7
-18,1
22,7
-18,1
16,7
-16,1
12,7
-12,1
14,7
-18,1
21,7
-17,1
12,7
-12,1
13,7
-18,1
22,7
-17,1
17,7
-17,1
14,7
-14,1
12,7
-18,1
21,7
-16,1
12,7
-13,1
13,7
-17,1
23,7
-18,1
18,7
-18,1
13,7
-14,1
12,7
-16,1
19,7
-14,1
12,7
-12,1
13,7
-18,1
20,7
-16,1
17,7
-17,1
11,7
-12,1
12,7
-15,1
22,7
-18,1
14,7
-14,1
14,7
-18,1
22,7
-18,1
16,7
-16,1
12,7
-13,1
14,7
-18,1
19,7
-16,1
12,7
-12,1
8,7
-13,1
21,7
-17,1
19,7
-18,1
13,7
-14,1
13,7
-16,1
18,7
-14,1
7,7
-8,1
9,7
-14,1
22,7
-17,1
17,7
-18,1
14,7
-14,1
14,7
-18,1
22,7
-18,1
12,7
-12,1
13,7
-18,1
19,7
-16,1
18,7
-18,1
14,7
-14,1
14,7
-18,1
22,7
-18,1
14,7
-14,1
13,7
-17,1
23,7
-18,1
17,7
-18,1
13,7
-13,1
13,7
-16,1
20,7
-17,1
7,7
-7,1
6,7
-10,1
23,7
-18,1
16,7
-17,1
14,7
-14,1
13,7
-18,1
23,7
-18,1
13,7
-14,1
12,7
-16,1
21,7
-17,1
18,7
-17,1
12,7
-13,1
13,7
-17,1
20,7
-16,1
13,7
-13,1
13,7
-18,1
21,7
-17,1
18,7
-18,1
11,7
-11,1
14,7
-17,1
21,7
-17,1
18,7
-18,1
13,7
-18,1
22,7
-18,1
17,7
-17,1
12,7
-13,1
14,7
-17,1
18,7
-15,1
17,7
-17,1
12,7
-17,1
21,7
-17,1
17,7
-17,1
12,7
-12,1
12,7
-17,1
22,7
-18,1
18,7
-18,1
15,7
-18,1
20,7
-17,1
18,7
-17,1
13,7
-14,1
13,7
-17,1
21,7
-17,1
17,7
-16,1
12,7
-17,1
19,7
-14,1
17,7
-18,1
13,7
-13,1
13,7
-17,1
23,7
-18,1
18,7
-18,1
13,7
-18,1
20,7
-16,1
17,7
-17,1
14,7
-14,1
14,7
-18,1
22,7
-18,1
16,7
-17,1
17,7
-14,1
11,7
-18,1
20,7
-16,1
13,7
-13,1
12,7
-16,1
19,7
-15,1
17,7
-16,1
12,7
-13,1
14,7
-18,1
21,7
-16,1
13,7
-14,1
14,7
-17,1
21,7
-18,1
17,7
-17,1
14,7
-14,1
13,7
-17,1
22,7
-18,1
14,7
-14,1
12,7
-17,1
23,7
-18,1
17,7
-18,1
14,7
-13,1
12,7
-17,1
23,7
-18,1
12,7
-12,1
12,7
-16,1
20,7
-17,1
18,7
-17,1
11,7
-12,1
13,7
-17,1
21,7
-17,1
13,7
-13,1
14,7
-17,1
20,7
-16,1
17,7
-17,1
12,7
-13,1
13,7
-16,1
19,7
-16,1
12,7
-12,1
15,7
-16,1
21,7
-18,1
18,7
-18,1
13,7
-13,1
13,7
-17,1
19,7
-15,1
10,7
-12,1
13,7
-17,1
21,7
-17,1
19,7
-19,1
-21450,11
-16,1
14,7
-19,1
21,7
-17,1
14,7
-14,1
13,7
-17,1
20,7
-16,1
20,7
-18,1
11,7
-13,1
14,7
-17,1
21,7
-18,1
12,7
-12,1
14,7
-18,1
21,7
-17,1
16,7
-16,1
13,7
-13,1
14,7
-17,1
22,7
-18,1
14,7
-14,1
10,7
-15,1
21,7
-17,1
18,7
-18,1
11,7
-11,1
13,7
-16,1
15,7
-11,1
13,7
-13,1
13,7
-18,1
20,7
-17,1
18,7
-17,1
13,7
-14,1
14,7
-18,1
20,7
-16,1
8,7
-7,1
11,7
-16,1
22,7
-18,1
17,7
-17,1
12,7
-13,1
14,7
-18,1
18,7
-14,1
7,7
-7,1
4,7
-8,1
11,7
-8,1
18,7
-18,1
10,7
-10,1
10,7
-15,1
22,7
-17,1
17,7
-17,1
2,7
-6,1
18,7
-15,1
16,7
-16,1
8,7
-8,1
12,7
-16,1
22,7
-18,1
18,7
-17,1
11,7
-11,1
4,7
-9,1
17,7
-14,1
12,7
-12,1
8,7
-12,1
22,7
-18,1
16,7
-16,1
3,7
-3,1
4,7
-8,1
22,7
-18,1
12,7
-12,1
12,7
-16,1
21,7
-17,1
17,7
-16,1
6,7
-7,1
4,7
-8,1
12,7
-8,1
14,7
-14,1
14,7
-18,1
22,7
-18,1
18,7
-18,1
14,7
-14,1
14,7
-18,1
22,7
-18,1
14,7
-14,1
13,7
-17,1
20,7
-16,1
14,7
-14,1
12,7
-12,1
11,7
-15,1
18,7
-13,1
11,7
-12,1
14,7
-18,1
22,7
-18,1
18,7
-18,1
14,7
-14,1
14,7
-18,1
21,7
-17,1
14,7
-14,1
12,7
-16,1
22,7
-18,1
18,7
-18,1
13,7
-14,1
12,7
-16,1
19,7
-15,1
12,7
-12,1
13,7
-16,1
22,7
-18,1
17,7
-17,1
14,7
-14,1
14,7
-18,1
22,7
-18,1
14,7
-14,1
14,7
-18,1
21,7
-18,1
18,7
-18,1
14,7
-14,1
13,7
-17,1
22,7
-18,1
13,7
-13,1
12,7
-16,1
19,7
-15,1
14,7
-14,1
8,7
-8,1
7,7
-11,1
17,7
-13,1
10,7
-10,1
7,7
-11,1
16,7
-12,1
17,7
-17,1
15,7
-14,1
14,7
-18,1
20,7
-17,1
13,7
-13,1
12,7
-16,1
21,7
-17,1
18,7
-18,1
14,7
-14,1
13,7
-17,1
21,7
-17,1
13,7
-13,1
12,7
-16,1
21,7
-17,1
18,7
-18,1
13,7
-13,1
10,7
-14,1
-1,6
20,1
-15,1
19,7
-18,1
12,7
-17,1
19,7
-15,1
17,7
-17,1
14,7
-14,1
13,7
-17,1
21,7
-17,1
17,7
-17,1
14,7
-18,1
22,7
-18,1
18,7
-18,1
13,7
-13,1
14,7
-18,1
21,7
-17,1
18,7
-18,1
10,7
-15,1
21,7
-17,1
18,7
-18,1
11,7
-12,1
12,7
-16,1
20,7
-16,1
17,7
-17,1
13,7
-17,1
19,7
-15,1
16,7
-16,1
13,7
-13,1
13,7
-17,1
19,7
-15,1
17,7
-17,1
13,7
-17,1
21,7
-17,1
17,7
-17,1
13,7
-13,1
14,7
-18,1
22,7
-18,1
17,7
-17,1
14,7
-14,1
14,7
-18,1
22,7
-18,1
12,7
-12,1
12,7
-16,1
20,7
-16,1
16,7
-16,1
12,7
-12,1
11,7
-15,1
21,7
-17,1
12,7
-12,1
11,7
-15,1
22,7
-18,1
17,7
-17,1
13,7
-13,1
13,7
-17,1
20,7
-16,1
14,7
-13,1
13,7
-18,1
21,7
-17,1
15,7
-15,1
12,7
-13,1
14,7
-18,1
21,7
-17,1
13,7
-13,1
13,7
-17,1
22,7
-18,1
17,7
-17,1
13,7
-13,1
14,7
-18,1
22,7
-18,1
13,7
-13,1
13,7
-17,1
21,7
-17,1
15,7
-15,1
12,7
-12,1
12,7
-16,1
20,7
-16,1
13,7
-13,1
12,7
-16,1
20,7
-16,1
16,7
-16,1
12,7
-12,1
13,7
-17,1
20,7
-16,1
13,7
-13,1
13,7
-17,1
21,7
-17,1
15,7
-15,1
13,7
-13,1
13,7
-17,1
22,7
-16,1
13,7
-14,1
12,7
-17,1
21,7
-17,1
17,7
-17,1
14,7
-14,1
14,7
-18,1
22,7
-18,1
12,7
-12,1
11,7
-15,1
22,7
-18,1
18,7
-18,1
11,7
-11,1
11,7
-15,1
20,7
-16,1
11,7
-11,1
10,7
-14,1
20,7
-16,1
16,7
-16,1
12,7
-11,1
11,7
-16,1
19,7
-15,1
13,7
-13,1
14,7
-18,1
21,7
-18,1
17,7
-17,1
14,7
-14,1
14,7
-18,1
21,7
-17,1
13,7
-13,1
14,7
-18,1
22,7
-18,1
17,7
-17,1
13,7
-13,1
13,7
-17,1
22,7
-18,1
18,7
-18,1
11,7
-15,1
20,7
-16,1
16,7
-16,1
12,7
-12,1
12,7
-16,1
21,7
-17,1
16,7
-16,1
12,7
-16,1
19,7
-15,1
15,7
-15,1
14,7
-14,1
14,7
-18,1
22,7
-18,1
17,7
-17,1
14,7
-14,1
14,7
-18,1
22,7
-18,1
14,7
-14,1
11,7
-15,1
22,7
-18,1
18,7
-18,1
14,7
-14,1
12,7
-16,1
21,7
-17,1
12,7
-12,1
12,7
-16,1
21,7
-17,1
16,7
-16,1
14,7
-14,1
14,7
-18,1
19,7
-16,1
14,7
-14,1
15,7
-18,1
20,7
-17,1
16,7
-16,1
12,7
-12,1
-31390,17
-19,1
22,7
-19,1
12,7
-12,1
13,7
-17,1
21,7
-17,1
17,7
-17,1
13,7
-13,1
14,7
-18,1
20,7
-16,1
14,7
-14,1
13,7
-17,1
21,7
-17,1
16,7
-16,1
13,7
-13,1
12,7
-16,1
22,7
-18,1
13,7
-13,1
13,7
-17,1
22,7
-18,1
16,7
-16,1
13,7
-13,1
14,7
-18,1
22,7
-18,1
13,7
-13,1
14,7
-18,1
22,7
-18,1
16,7
-16,1
12,7
-12,1
12,7
-16,1
20,7
-16,1
13,7
-13,1
13,7
-17,1
21,7
-17,1
17,7
-17,1
14,7
-14,1
13,7
-17,1
20,7
-16,1
12,7
-12,1
13,7
-17,1
22,7
-18,1
18,7
-18,1
14,7
-14,1
14,7
-18,1
22,7
-18,1
14,7
-14,1
12,7
-16,1
20,7
-16,1
16,7
-16,1
13,7
-13,1
14,7
-18,1
21,7
-17,1
13,7
-13,1
13,7
-17,1
21,7
-17,1
17,7
-17,1
12,7
-12,1
14,7
-18,1
22,7
-18,1
13,7
-13,1
12,7
-17,1
21,7
-17,1
17,7
-17,1
13,7
-13,1
12,7
-16,1
20,7
-16,1
17,7
-17,1
12,7
-16,1
22,7
-18,1
18,7
-18,1
14,7
-14,1
12,7
-16,1
20,7
-16,1
17,7
-17,1
13,7
-17,1
21,7
-17,1
17,7
-17,1
11,7
-12,1
14,7
-18,1
21,7
-17,1
15,7
-15,1
11,7
-15,1
22,7
-18,1
16,7
-16,1
13,7
-13,1
14,7
-17,1
21,7
-18,1
18,7
-18,1
14,7
-18,1
20,7
-16,1
17,7
-17,1
12,7
-12,1
15,7
-18,1
20,7
-17,1
18,7
-18,1
14,7
-18,1
22,7
-17,1
16,7
-17,1
13,7
-13,1
13,7
-17,1
21,7
-17,1
18,7
-18,1
12,7
-12,1
14,7
-18,1
21,7
-17,1
14,7
-14,1
13,7
-17,1
19,7
-15,1
18,7
-18,1
14,7
-14,1
14,7
-17,1
20,7
-17,1
14,7
-14,1
14,7
-18,1
21,7
-17,1
17,7
-17,1
12,7
-12,1
13,7
-17,1
19,7
-14,1
11,7
-12,1
13,7
-17,1
22,7
-18,1
17,7
-17,1
14,7
-14,1
13,7
-17,1
20,7
-16,1
11,7
-11,1
13,7
-17,1
22,7
-18,1
18,7
-18,1
13,7
-14,1
12,7
-16,1
21,7
-17,1
11,7
-11,1
14,7
-18,1
21,7
-17,1
18,7
-18,1
13,7
-13,1
13,7
-17,1
20,7
-16,1
13,7
-13,1
13,7
-17,1
22,7
-18,1
18,7
-18,1
14,7
-14,1
14,7
-18,1
22,7
-18,1
14,7
-14,1
13,7
-17,1
19,7
-15,1
17,7
-17,1
12,7
-12,1
13,7
-17,1
22,7
-17,1
13,7
-14,1
14,7
-18,1
22,7
-18,1
17,7
-17,1
14,7
-14,1
13,7
-17,1
22,7
-18,1
14,7
-14,1
14,7
-18,1
22,7
-18,1
18,7
-18,1
14,7
-14,1
11,7
-15,1
19,7
-15,1
13,7
-13,1
12,7
-16,1
21,7
-17,1
18,7
-17,1
12,7
-13,1
14,7
-18,1
22,7
-18,1
14,7
-14,1
12,7
-16,1
22,7
-18,1
18,7
-18,1
13,7
-13,1
13,7
-17,1
21,7
-17,1
14,7
-14,1
12,7
-16,1
20,7
-16,1
16,7
-16,1
13,7
-13,1
13,7
-17,1
22,7
-18,1
18,7
-18,1
14,7
-18,1
21,7
-17,1
17,7
-17,1
12,7
-12,1
13,7
-17,1
22,7
-18,1
18,7
-18,1
14,7
-18,1
22,7
-18,1
17,7
-17,1
14,7
-14,1
11,7
-15,1
20,7
-16,1
16,7
-16,1
13,7
-13,1
13,7
-17,1
22,7
-18,1
14,7
-14,1
14,7
-18,1
20,7
-16,1
17,7
-17,1
13,7
-13,1
14,7
-18,1
22,7
-18,1
14,7
-14,1
14,7
-18,1
22,7
-18,1
18,7
-18,1
14,7
-14,1
13,7
-17,1
19,7
-15,1
11,7
-11,1
10,7
-14,1
21,7
-17,1
18,7
-18,1
14,7
-14,1
14,7
-18,1
21,7
-17,1
12,7
-12,1
13,7
-17,1
22,7
-18,1
18,7
-18,1
15,7
-14,1
13,7
-18,1
22,7
-18,1
14,7
-14,1
12,7
-16,1
22,7
-18,1
18,7
-18,1
14,7
-14,1
14,7
-18,1
22,7
-18,1
13,7
-13,1
14,7
-17,1
20,7
-17,1
18,7
-18,1
14,7
-14,1
14,7
-18,1
22,7
-18,1
13,7
-13,1
14,7
-18,1
22,7
-18,1
17,7
-17,1
14,7
-14,1
11,7
-15,1
21,7
-17,1
13,7
-13,1
13,7
-16,1
20,7
-17,1
18,7
-18,1
14,7
-14,1
14,7
-18,1
22,7
-18,1
13,7
-13,1
14,7
-18,1
22,7
-18,1
18,7
-18,1
14,7
-14,1
14,7
-18,1
22,7
-18,1
14,7
-14,1
12,7
-16,1
20,7
-16,1
16,7
-16,1
12,7
-12,1
14,7
-18,1
22,7
-18,1
13,7
-12,1
13,7
-18,1
18,7
-15,1
17,7
-17,1
14,7
-14,1
13,7
-17,1
22,7
-18,1
14,7
-14,1
14,7
-18,1
22,7
-18,1
17,7
-17,1
13,7
-13,1
13,7
-17,1
21,7
-17,1
18,7
-18,1
11,7
-15,1
21,7
-17,1
15,7
-15,1
13,7
-13,1
14,7
-18,1
20,7
-16,1
17,7
-17,1
14,7
-18,1
23,7
-19,1
-41329,16
-20,1
14,7
-15,1
14,7
-18,1
21,7
-17,1
17,7
-17,1
12,7
-16,1
22,7
-18,1
17,7
-17,1
13,7
-13,1
14,7
-18,1
22,7
-18,1
19,7
-18,1
13,7
-18,1
21,7
-17,1
18,7
-18,1
14,7
-14,1
14,7
-18,1
20,7
-15,1
16,7
-17,1
12,7
-16,1
21,7
-17,1
17,7
-17,1
11,7
-11,1
12,7
-16,1
20,7
-16,1
18,7
-18,1
10,7
-11,1
15,7
-18,1
22,7
-18,1
13,7
-14,1
14,7
-18,1
22,7
-18,1
18,7
-18,1
14,7
-13,1
14,7
-18,1
22,7
-18,1
13,7
-13,1
13,7
-17,1
21,7
-17,1
16,7
-16,1
11,7
-11,1
12,7
-17,1
19,7
-14,1
10,7
-11,1
14,7
-17,1
21,7
-18,1
16,7
-16,1
12,7
-13,1
11,7
-15,1
20,7
-16,1
12,7
-11,1
9,7
-14,1
19,7
-15,1
15,7
-15,1
11,7
-11,1
10,7
-15,1
22,7
-18,1
13,7
-13,1
10,7
-14,1
20,7
-16,1
17,7
-17,1
10,7
-11,1
12,7
-16,1
22,7
-18,1
11,7
-10,1
11,7
-16,1
20,7
-16,1
14,7
-14,1
11,7
-11,1
11,7
-15,1
23,7
-18,1
13,7
-13,1
13,7
-18,1
21,7
-17,1
18,7
-18,1
14,7
-14,1
13,7
-17,1
22,7
-18,1
14,7
-14,1
9,7
-13,1
22,7
-18,1
18,7
-18,1
13,7
-13,1
12,7
-16,1
21,7
-16,1
10,7
-10,1
9,7
-13,1
22,7
-18,1
17,7
-18,1
14,7
-14,1
14,7
-18,1
22,7
-17,1
13,7
-14,1
14,7
-18,1
22,7
-18,1
18,7
-18,1
13,7
-13,1
12,7
-16,1
20,7
-16,1
11,7
-11,1
9,7
-13,1
19,7
-15,1
16,7
-16,1
14,7
-14,1
14,7
-18,1
22,7
-18,1
10,7
-10,1
11,7
-15,1
20,7
-16,1
17,7
-16,1
12,7
-13,1
13,7
-17,1
20,7
-16,1
16,7
-16,1
13,7
-17,1
21,7
-17,1
17,7
-17,1
13,7
-14,1
12,7
-17,1
21,7
-18,1
16,7
-16,1
13,7
-18,1
22,7
-18,1
18,7
-18,1
13,7
-13,1
14,7
-18,1
22,7
-18,1
18,7
-18,1
13,7
-13,1
12,7
-16,1
17,7
-13,1
9,7
-9,1
10,7
-14,1
16,7
-12,1
13,7
-13,1
11,7
-11,1
14,7
-18,1
22,7
-18,1
14,7
-14,1
13,7
-17,1
22,7
-18,1
18,7
-18,1
14,7
-14,1
14,7
-18,1
22,7
-18,1
14,7
-14,1
12,7
-16,1
22,7
-18,1
17,7
-17,1
12,7
-12,1
12,7
-16,1
21,7
-17,1
14,7
-14,1
14,7
-18,1
22,7
-18,1
18,7
-18,1
13,7
-13,1
11,7
-15,1
21,7
-17,1
13,7
-13,1
13,7
-17,1
21,7
-17,1
17,7
-17,1
13,7
-13,1
14,7
-18,1
21,7
-17,1
14,7
-14,1
13,7
-17,1
22,7
-18,1
18,7
-18,1
14,7
-14,1
14,7
-18,1
23,7
-18,1
13,7
-14,1
14,7
-18,1
22,7
-18,1
18,7
-18,1
14,7
-14,1
14,7
-18,1
22,7
-18,1
14,7
-14,1
14,7
-18,1
23,7
-18,1
16,7
-17,1
14,7
-14,1
14,7
-18,1
22,7
-18,1
12,7
-12,1
12,7
-16,1
22,7
-18,1
17,7
-17,1
13,7
-13,1
12,7
-16,1
21,7
-17,1
12,7
-12,1
11,7
-15,1
20,7
-16,1
16,7
-16,1
14,7
-14,1
14,7
-18,1
21,7
-17,1
15,7
-14,1
13,7
-18,1
23,7
-18,1
17,7
-17,1
13,7
-13,1
13,7
-17,1
21,7
-18,1
14,7
-13,1
14,7
-18,1
20,7
-17,1
17,7
-17,1
12,7
-12,1
12,7
-16,1
21,7
-16,1
16,7
-16,1
11,7
-15,1
22,7
-18,1
16,7
-16,1
14,7
-14,1
13,7
-18,1
22,7
-17,1
18,7
-18,1
13,7
-18,1
22,7
-18,1
19,7
-18,1
13,7
-14,1
14,7
-18,1
22,7
-17,1
16,7
-16,1
10,7
-14,1
20,7
-17,1
17,7
-17,1
14,7
-13,1
12,7
-16,1
21,7
-18,1
16,7
-17,1
13,7
-18,1
21,7
-16,1
16,7
-16,1
11,7
-12,1
15,7
-18,1
21,7
-18,1
19,7
-18,1
14,7
-18,1
22,7
-18,1
17,7
-18,1
13,7
-13,1
11,7
-15,1
19,7
-15,1
19,7
-18,1
14,7
-14,1
13,7
-18,1
23,7
-18,1
13,7
-14,1
14,7
-18,1
23,7
-18,1
18,7
-18,1
13,7
-14,1
15,7
-18,1
22,7
-18,1
13,7
-14,1
14,7
-18,1
20,7
-17,1
16,7
-16,1
10,7
-11,1
15,7
-18,1
21,7
-17,1
11,7
-11,1
12,7
-17,1
21,7
-17,1
17,7
-17,1
13,7
-13,1
12,7
-16,1
21,7
-18,1
12,7
-12,1
14,7
-18,1
22,7
-18,1
18,7
-18,1
13,7
-14,1
12,7
-16,1
21,7
-16,1
13,7
-14,1
14,7
-18,1
22,7
-17,1
18,7
-18,1
12,7
-12,1
14,7
-18,1
22,7
-17,1
14,7
-14,1
11,7
-16,1
18,7
-15,1
18,7
-18,1
14,7
-14,1
14,7
-18,1
22,7
-17,1
13,7
-13,1
13,7
-17,1
22,7
-18,1
18,7
-18,1
-51275,15
-15,1
15,7
-19,1
22,7
-18,1
12,7
-11,1
13,7
-18,1
22,7
-18,1
16,7
-17,1
14,7
-14,1
12,7
-15,1
21,7
-18,1
13,7
-14,1
15,7
-18,1
22,7
-18,1
18,7
-18,1
13,7
-14,1
13,7
-17,1
22,7
-18,1
12,7
-12,1
13,7
-17,1
19,7
-16,1
18,7
-18,1
13,7
-13,1
13,7
-18,1
21,7
-17,1
14,7
-14,1
13,7
-17,1
19,7
-16,1
18,7
-18,1
14,7
-13,1
12,7
-17,1
21,7
-18,1
13,7
-13,1
12,7
-17,1
20,7
-15,1
15,7
-15,1
10,7
-11,1
13,7
-17,1
21,7
-17,1
18,7
-18,1
13,7
-18,1
22,7
-17,1
17,7
-17,1
13,7
-14,1
14,7
-17,1
21,7
-18,1
19,7
-18,1
13,7
-18,1
22,7
-18,1
18,7
-18,1
13,7
-14,1
14,7
-17,1
21,7
-18,1
18,7
-18,1
13,7
-12,1
13,7
-17,1
22,7
-18,1
13,7
-14,1
14,7
-18,1
22,7
-17,1
16,7
-17,1
12,7
-12,1
14,7
-18,1
23,7
-18,1
14,7
-14,1
13,7
-18,1
20,7
-17,1
18,7
-18,1
14,7
-12,1
10,7
-16,1
20,7
-16,1
10,7
-11,1
13,7
-16,1
22,7
-18,1
17,7
-18,1
15,7
-14,1
12,7
-17,1
22,7
-17,1
13,7
-13,1
11,7
-16,1
22,7
-17,1
16,7
-17,1
12,7
-13,1
12,7
-17,1
22,7
-17,1
12,7
-12,1
12,7
-17,1
19,7
-14,1
16,7
-16,1
12,7
-12,1
13,7
-17,1
21,7
-18,1
14,7
-13,1
14,7
-18,1
20,7
-17,1
15,7
-15,1
12,7
-12,1
13,7
-18,1
21,7
-18,1
14,7
-14,1
13,7
-18,1
20,7
-17,1
16,7
-17,1
12,7
-13,1
13,7
-16,1
20,7
-16,1
11,7
-11,1
12,7
-17,1
22,7
-18,1
17,7
-17,1
14,7
-14,1
12,7
-16,1
20,7
-16,1
13,7
-13,1
12,7
-17,1
22,7
-18,1
18,7
-18,1
14,7
-14,1
13,7
-18,1
22,7
-17,1
13,7
-14,1
14,7
-18,1
20,7
-15,1
15,7
-16,1
12,7
-12,1
13,7
-18,1
23,7
-18,1
13,7
-13,1
13,7
-18,1
21,7
-17,1
17,7
-17,1
8,7
-9,1
14,7
-17,1
22,7
-18,1
14,7
-14,1
13,7
-18,1
22,7
-17,1
17,7
-17,1
12,7
-13,1
13,7
-16,1
21,7
-17,1
18,7
-18,1
12,7
-17,1
23,7
-18,1
16,7
-16,1
13,7
-14,1
12,7
-16,1
20,7
-15,1
18,7
-18,1
13,7
-17,1
21,7
-17,1
18,7
-18,1
13,7
-14,1
13,7
-17,1
20,7
-15,1
16,7
-16,1
11,7
-15,1
21,7
-18,1
19,7
-18,1
10,7
-10,1
13,7
-18,1
22,7
-17,1
16,7
-17,1
11,7
-15,1
21,7
-17,1
16,7
-17,1
14,7
-14,1
14,7
-18,1
22,7
-18,1
19,7
-18,1
13,7
-17,1
20,7
-17,1
17,7
-16,1
13,7
-13,1
12,7
-16,1
19,7
-15,1
18,7
-18,1
12,7
-13,1
14,7
-17,1
20,7
-16,1
13,7
-14,1
13,7
-17,1
22,7
-17,1
17,7
-18,1
14,7
-13,1
14,7
-18,1
21,7
-17,1
13,7
-14,1
14,7
-18,1
21,7
-17,1
17,7
-17,1
13,7
-12,1
13,7
-17,1
22,7
-18,1
13,7
-13,1
13,7
-17,1
21,7
-17,1
18,7
-18,1
13,7
-13,1
11,7
-16,1
22,7
-18,1
13,7
-14,1
14,7
-18,1
23,7
-18,1
16,7
-18,1
14,7
-14,1
13,7
-17,1
22,7
-18,1
11,7
-11,1
12,7
-16,1
21,7
-17,1
19,7
-18,1
13,7
-13,1
14,7
-18,1
21,7
-17,1
14,7
-14,1
13,7
-17,1
20,7
-17,1
19,7
-18,1
13,7
-13,1
13,7
-18,1
23,7
-18,1
13,7
-14,1
13,7
-17,1
22,7
-17,1
15,7
-15,1
12,7
-12,1
13,7
-17,1
18,7
-14,1
13,7
-13,1
13,7
-17,1
22,7
-18,1
18,7
-18,1
13,7
-14,1
12,7
-16,1
21,7
-17,1
14,7
-14,1
14,7
-18,1
22,7
-18,1
17,7
-18,1
14,7
-13,1
11,7
-17,1
20,7
-16,1
12,7
-12,1
13,7
-16,1
18,7
-15,1
18,7
-17,1
14,7
-14,1
14,7
-18,1
23,7
-18,1
14,7
-14,1
12,7
-17,1
24,7
-18,1
15,7
-18,1
14,7
-14,1
14,7
-18,1
22,7
-18,1
13,7
-13,1
14,7
-18,1
21,7
-17,1
18,7
-18,1
12,7
-13,1
11,7
-15,1
22,7
-18,1
18,7
-18,1
14,7
-18,1
22,7
-18,1
18,7
-18,1
14,7
-14,1
13,7
-17,1
21,7
-17,1
16,7
-16,1
11,7
-15,1
19,7
-15,1
16,7
-16,1
13,7
-13,1
12,7
-17,1
21,7
-17,1
17,7
-17,1
10,7
-11,1
13,7
-16,1
20,7
-16,1
5,7
-5,1
5,7
-9,1
17,7
-13,1
16,7
-16,1
10,7
-11,1
11,7
-16,1
22,7
-18,1
14,7
-14,1
13,7
-17,1
22,7
-18,1
17,7
-18,1
13,7
-12,1
14,7
-18,1
22,7
-18,1
11,7
-11,1
10,7
-14,1
19,7
-15,1
18,7
-18,1
15,7
-15,1
-61214,15
-20,1
22,7
-18,1
13,7
-13,1
11,7
-15,1
18,7
-14,1
17,7
-17,1
14,7
-15,1
13,7
-17,1
21,7
-16,1
10,7
-10,1
10,7
-15,1
19,7
-14,1
14,7
-15,1
12,7
-11,1
11,7
-15,1
19,7
-15,1
11,7
-12,1
11,7
-15,1
19,7
-14,1
15,7
-15,1
13,7
-14,1
14,7
-18,1
22,7
-18,1
13,7
-14,1
13,7
-17,1
22,7
-18,1
18,7
-17,1
11,7
-12,1
10,7
-13,1
19,7
-16,1
15,7
-14,1
14,7
-18,1
22,7
-18,1
17,7
-18,1
13,7
-13,1
14,7
-18,1
22,7
-18,1
15,7
-14,1
13,7
-18,1
22,7
-18,1
19,7
-18,1
14,7
-14,1
13,7
-18,1
23,7
-18,1
13,7
-13,1
10,7
-14,1
15,7
-11,1
12,7
-13,1
12,7
-12,1
12,7
-17,1
19,7
-15,1
14,7
-13,1
8,7
-13,1
23,7
-18,1
18,7
-18,1
13,7
-14,1
15,7
-18,1
22,7
-18,1
14,7
-14,1
14,7
-18,1
22,7
-18,1
16,7
-17,1
13,7
-13,1
13,7
-16,1
21,7
-17,1
18,7
-18,1
13,7
-18,1
23,7
-18,1
-63982,7
-18,1
13,7
-13,1
11,7
-16,1
20,7
-16,1
17,7
-17,1
13,7
-18,1
17,7
-13,1
13,7
-13,1
12,7
-12,1
13,7
-17,1
22,7
-18,1
18,7
-18,1
14,7
-18,1
21,7
-18,1
19,7
-18,1
64014,7
-14,1
13,7
-17,1
22,7
-18,1
17,7
-17,1
12,7
-17,1
22,7
-18,1
18,7
-18,1
14,7
-13,1
12,7
-17,1
20,7
-15,1
18,7
-18,1
11,7
-16,1
18,7
-14,1
16,7
-16,1
11,7
-11,1
12,7
-16,1
18,7
-15,1
18,7
-18,1
13,7
-14,1
14,7
-18,1
23,7
-18,1
14,7
-14,1
13,7
-17,1
20,7
-17,1
18,7
-17,1
13,7
-13,1
9,7
-14,1
21,7
-17,1
10,7
-11,1
8,7
-12,1
15,7
-10,1
17,7
-18,1
11,7
-11,1
13,7
-17,1
21,7
-17,1
13,7
-13,1
13,7
-17,1
20,7
-16,1
17,7
-17,1
12,7
-12,1
11,7
-15,1
19,7
-15,1
12,7
-12,1
13,7
-18,1
19,7
-15,1
18,7
-17,1
12,7
-13,1
13,7
-17,1
22,7
-18,1
11,7
-11,1
11,7
-15,1
18,7
-14,1
12,7
-12,1
11,7
-12,1
10,7
-14,1
18,7
-14,1
11,7
-12,1
13,7
-17,1
22,7
-17,1
17,7
-18,1
12,7
-13,1
13,7
-16,1
22,7
-18,1
14,7
-14,1
12,7
-16,1
22,7
-18,1
18,7
-18,1
13,7
-14,1
13,7
-17,1
22,7
-17,1
14,7
-14,1
13,7
-18,1
23,7
-18,1
17,7
-18,1
12,7
-13,1
13,7
-17,1
20,7
-15,1
10,7
-11,1
12,7
-15,1
19,7
-16,1
18,7
-18,1
14,7
-14,1
13,7
-18,1
22,7
-17,1
14,7
-14,1
11,7
-16,1
18,7
-13,1
17,7
-18,1
13,7
-13,1
14,7
-17,1
21,7
-17,1
12,7
-13,1
13,7
-18,1
22,7
-17,1
16,7
-17,1
13,7
-13,1
13,7
-16,1
21,7
-18,1
14,7
-13,1
13,7
-17,1
20,7
-17,1
17,7
-17,1
13,7
-13,1
13,7
-15,1
19,7
-17,1
18,7
-18,1
14,7
-17,1
21,7
-18,1
18,7
-18,1
14,7
-14,1
13,7
-17,1
21,7
-16,1
15,7
-15,1
12,7
-17,1
20,7
-17,1
20,7
-18,1
11,7
-13,1
14,7
-17,1
21,7
-17,1
15,7
-16,1
13,7
-13,1
14,7
-18,1
22,7
-18,1
14,7
-13,1
14,7
-18,1
21,7
-18,1
18,7
-18,1
12,7
-12,1
12,7
-16,1
21,7
-17,1
9,7
-10,1
13,7
-17,1
21,7
-17,1
17,7
-18,1
13,7
-13,1
14,7
-18,1
21,7
-17,1
14,7
-13,1
10,7
-15,1
21,7
-17,1
18,7
-18,1
13,7
-13,1
13,7
-17,1
21,7
-17,1
12,7
-12,1
8,7
-12,1
17,7
-13,1
13,7
-14,1
11,7
-11,1
13,7
-17,1
21,7
-17,1
13,7
-13,1
13,7
-17,1
21,7
-17,1
14,7
-14,1
8,7
-9,1
13,7
-17,1
21,7
-17,1
14,7
-14,1
13,7
-17,1
17,7
-13,1
17,7
-17,1
14,7
-14,1
14,7
-18,1
22,7
-18,1
14,7
-13,1
13,7
-18,1
22,7
-18,1
17,7
-17,1
12,7
-12,1
12,7
-15,1
19,7
-16,1
12,7
-12,1
14,7
-18,1
21,7
-17,1
17,7
-17,1
10,7
-10,1
11,7
-15,1
22,7
-18,1
12,7
-12,1
12,7
-17,1
22,7
-18,1
17,7
-17,1
14,7
-14,1
12,7
-16,1
20,7
-16,1
10,7
-10,1
12,7
-16,1
20,7
-16,1
17,7
-17,1
14,7
-14,1
14,7
-17,1
20,7
-17,1
14,7
-13,1
11,7
-15,1
19,7
-16,1
18,7
-18,1
14,7
-13,1
13,7
-18,1
22,7
-18,1
14,7
-13,1
13,7
-18,1
20,7
-16,1
18,7
-17,1
12,7
-13,1
13,7
-17,1
20,7
-15,1
14,7
-15,1
12,7
-16,1
22,7
-17,1
17,7
-18,1
14,7
-14,1
14,7
-18,1
21,7
-17,1
15,7
-15,1
13,7
-17,1
22,7
-18,1
-7156,11
-18,1
14,7
-14,1
13,7
-17,1
21,7
-17,1
18,7
-18,1
14,7
-18,1
21,7
-17,1
16,7
-16,1
13,7
-13,1
13,7
-17,1
22,7
-18,1
18,7
-17,1
13,7
-17,1
21,7
-18,1
16,7
-16,1
12,7
-12,1
14,7
-18,1
22,7
-18,1
17,7
-17,1
11,7
-15,1
20,7
-16,1
18,7
-18,1
14,7
-14,1
14,7
-18,1
21,7
-17,1
18,7
-18,1
12,7
-12,1
12,7
-15,1
21,7
-18,1
13,7
-13,1
13,7
-17,1
21,7
-17,1
16,7
-16,1
13,7
-13,1
13,7
-17,1
21,7
-17,1
13,7
-13,1
13,7
-17,1
22,7
-18,1
18,7
-18,1
14,7
-13,1
11,7
-16,1
20,7
-16,1
11,7
-11,1
13,7
-17,1
22,7
-18,1
18,7
-18,1
14,7
-14,1
14,7
-18,1
20,7
-16,1
13,7
-13,1
13,7
-17,1
19,7
-15,1
16,7
-16,1
12,7
-12,1
14,7
-18,1
22,7
-18,1
14,7
-14,1
14,7
-17,1
21,7
-18,1
18,7
-18,1
11,7
-11,1
13,7
-17,1
22,7
-18,1
13,7
-14,1
12,7
-16,1
21,7
-17,1
17,7
-17,1
12,7
-12,1
12,7
-16,1
17,7
-13,1
12,7
-12,1
14,7
-18,1
23,7
-18,1
16,7
-17,1
14,7
-14,1
13,7
-17,1
20,7
-15,1
12,7
-13,1
13,7
-17,1
21,7
-18,1
18,7
-18,1
14,7
-14,1
14,7
-18,1
21,7
-17,1
12,7
-12,1
11,7
-15,1
22,7
-18,1
16,7
-16,1
11,7
-11,1
13,7
-17,1
21,7
-17,1
13,7
-13,1
13,7
-17,1
19,7
-15,1
18,7
-18,1
14,7
-14,1
13,7
-17,1
21,7
-17,1
13,7
-13,1
13,7
-17,1
18,7
-14,1
16,7
-16,1
13,7
-13,1
12,7
-16,1
21,7
-17,1
11,7
-11,1
13,7
-17,1
21,7
-17,1
16,7
-16,1
13,7
-13,1
11,7
-15,1
20,7
-16,1
17,7
-17,1
13,7
-17,1
22,7
-18,1
17,7
-17,1
13,7
-14,1
10,7
-14,1
20,7
-16,1
17,7
-17,1
14,7
-18,1
20,7
-16,1
17,7
-17,1
10,7
-10,1
13,7
-17,1
22,7
-18,1
17,7
-17,1
12,7
-12,1
13,7
-17,1
22,7
-18,1
14,7
-14,1
14,7
-18,1
22,7
-18,1
16,7
-16,1
13,7
-13,1
9,7
-13,1
21,7
-17,1
14,7
-13,1
12,7
-17,1
19,7
-15,1
18,7
-18,1
14,7
-14,1
14,7
-17,1
18,7
-15,1
14,7
-14,1
13,7
-17,1
21,7
-17,1
18,7
-18,1
15,7
-14,1
13,7
-18,1
21,7
-17,1
13,7
-13,1
12,7
-16,1
20,7
-15,1
17,7
-17,1
10,7
-11,1
13,7
-16,1
21,7
-18,1
13,7
-13,1
13,7
-17,1
21,7
-17,1
15,7
-15,1
13,7
-13,1
14,7
-18,1
22,7
-18,1
14,7
-14,1
14,7
-18,1
22,7
-18,1
16,7
-16,1
13,7
-13,1
13,7
-17,1
21,7
-17,1
10,7
-10,1
11,7
-15,1
21,7
-17,1
18,7
-18,1
14,7
-14,1
15,7
-18,1
18,7
-15,1
12,7
-13,1
13,7
-17,1
22,7
-18,1
18,7
-18,1
14,7
-14,1
14,7
-18,1
22,7
-18,1
14,7
-14,1
12,7
-16,1
21,7
-17,1
17,7
-17,1
12,7
-12,1
12,7
-16,1
22,7
-18,1
10,7
-11,1
14,7
-18,1
22,7
-18,1
18,7
-18,1
13,7
-13,1
12,7
-16,1
21,7
-17,1
13,7
-13,1
13,7
-17,1
22,7
-18,1
18,7
-18,1
14,7
-14,1
13,7
-17,1
21,7
-17,1
12,7
-12,1
12,7
-16,1
19,7
-15,1
18,7
-18,1
14,7
-14,1
14,7
-18,1
22,7
-18,1
17,7
-16,1
14,7
-18,1
20,7
-16,1
17,7
-18,1
12,7
-12,1
12,7
-16,1
20,7
-16,1
17,7
-16,1
13,7
-18,1
22,7
-18,1
18,7
-18,1
14,7
-14,1
14,7
-18,1
22,7
-18,1
18,7
-18,1
13,7
-16,1
16,7
-12,1
12,7
-12,1
14,7
-14,1
12,7
-16,1
21,7
-17,1
17,7
-18,1
9,7
-13,1
21,7
-17,1
17,7
-17,1
13,7
-13,1
16,7
-18,1
20,7
-18,1
18,7
-18,1
15,7
-18,1
16,7
-12,1
14,7
-14,1
10,7
-10,1
10,7
-14,1
18,7
-14,1
14,7
-14,1
14,7
-14,1
14,7
-18,1
22,7
-18,1
13,7
-14,1
14,7
-18,1
16,7
-12,1
18,7
-18,1
15,7
-14,1
8,7
-12,1
17,7
-13,1
5,7
-5,1
7,7
-11,1
14,7
-10,1
11,7
-11,1
6,7
-7,1
6,7
-10,1
14,7
-10,1
7,7
-7,1
14,7
-17,1
20,7
-16,1
16,7
-17,1
15,7
-14,1
11,7
-15,1
16,7
-12,1
8,7
-8,1
9,7
-13,1
18,7
-14,1
14,7
-14,1
11,7
-11,1
14,7
-18,1
20,7
-17,1
14,7
-14,1
14,7
-17,1
14,7
-11,1
18,7
-18,1
12,7
-12,1
11,7
-15,1
19,7
-15,1
10,7
-10,1
7,7
-11,1
16,7
-12,1
14,7
-15,1
10,7
-10,1
11,7
-14,1
16,7
-12,1
13,7
-14,1
12,7
-16,1
19,7
-15,1
18,7
-17,1
-17100,15
-14,1
14,7
-18,1
20,7
-16,1
12,7
-12,1
10,7
-15,1
19,7
-15,1
15,7
-14,1
13,7
-14,1
14,7
-18,1
18,7
-14,1
7,7
-7,1
14,7
-18,1
22,7
-18,1
17,7
-17,1
10,7
-10,1
10,7
-14,1
17,7
-13,1
10,7
-10,1
10,7
-14,1
23,7
-18,1
18,7
-18,1
11,7
-12,1
14,7
-18,1
21,7
-17,1
11,7
-11,1
13,7
-17,1
20,7
-16,1
15,7
-15,1
14,7
-14,1
14,7
-18,1
21,7
-17,1
15,7
-14,1
13,7
-17,1
20,7
-16,1
15,7
-15,1
10,7
-11,1
13,7
-17,1
21,7
-17,1
18,7
-18,1
14,7
-18,1
22,7
-18,1
18,7
-18,1
14,7
-14,1
14,7
-18,1
22,7
-18,1
17,7
-16,1
10,7
-15,1
14,7
-10,1
12,7
-12,1
5,7
-5,1
13,7
-17,1
22,7
-18,1
18,7
-18,1
14,7
-14,1
14,7
-18,1
22,7
-18,1
14,7
-14,1
14,7
-18,1
19,7
-15,1
18,7
-18,1
12,7
-12,1
13,7
-17,1
22,7
-17,1
12,7
-13,1
14,7
-18,1
20,7
-17,1
18,7
-18,1
12,7
-13,1
14,7
-18,1
21,7
-17,1
14,7
-14,1
13,7
-17,1
21,7
-16,1
17,7
-17,1
13,7
-13,1
13,7
-17,1
19,7
-16,1
12,7
-12,1
12,7
-16,1
20,7
-16,1
18,7
-18,1
13,7
-13,1
13,7
-17,1
21,7
-17,1
14,7
-14,1
13,7
-17,1
22,7
-18,1
15,7
-15,1
8,7
-8,1
11,7
-15,1
20,7
-16,1
14,7
-14,1
14,7
-18,1
20,7
-16,1
19,7
-18,1
13,7
-14,1
14,7
-18,1
21,7
-17,1
14,7
-14,1
14,7
-18,1
21,7
-17,1
15,7
-15,1
12,7
-12,1
11,7
-15,1
21,7
-17,1
14,7
-13,1
13,7
-18,1
22,7
-18,1
18,7
-18,1
13,7
-13,1
13,7
-17,1
20,7
-16,1
11,7
-10,1
14,7
-18,1
21,7
-18,1
17,7
-16,1
13,7
-14,1
13,7
-17,1
22,7
-17,1
11,7
-12,1
12,7
-16,1
21,7
-17,1
17,7
-17,1
14,7
-14,1
14,7
-18,1
21,7
-17,1
13,7
-13,1
11,7
-15,1
18,7
-14,1
16,7
-16,1
15,7
-14,1
21,7
-18,1
14,7
-17,1
14,7
-14,1
12,7
-17,1
19,7
-15,1
14,7
-14,1
8,7
-8,1
13,7
-17,1
22,7
-18,1
18,7
-18,1
14,7
-18,1
22,7
-18,1
17,7
-17,1
14,7
-14,1
11,7
-15,1
22,7
-18,1
18,7
-18,1
14,7
-18,1
22,7
-18,1
18,7
-18,1
12,7
-13,1
13,7
-17,1
22,7
-18,1
17,7
-17,1
13,7
-17,1
22,7
-18,1
18,7
-18,1
14,7
-14,1
14,7
-18,1
20,7
-16,1
16,7
-16,1
13,7
-17,1
22,7
-18,1
18,7
-18,1
12,7
-12,1
14,7
-18,1
22,7
-18,1
17,7
-17,1
11,7
-15,1
21,7
-17,1
14,7
-14,1
13,7
-13,1
13,7
-17,1
22,7
-18,1
18,7
-18,1
14,7
-14,1
14,7
-18,1
19,7
-16,1
12,7
-12,1
13,7
-17,1
21,7
-17,1
18,7
-18,1
10,7
-10,1
13,7
-16,1
20,7
-16,1
12,7
-13,1
13,7
-16,1
19,7
-16,1
16,7
-16,1
13,7
-12,1
12,7
-17,1
20,7
-16,1
14,7
-13,1
12,7
-17,1
21,7
-17,1
18,7
-17,1
11,7
-12,1
14,7
-18,1
23,7
-18,1
13,7
-14,1
14,7
-18,1
23,7
-18,1
14,7
-15,1
12,7
-12,1
12,7
-16,1
19,7
-15,1
13,7
-13,1
12,7
-16,1
21,7
-17,1
17,7
-17,1
14,7
-14,1
14,7
-18,1
20,7
-16,1
10,7
-10,1
11,7
-15,1
21,7
-17,1
18,7
-18,1
14,7
-14,1
12,7
-17,1
21,7
-17,1
14,7
-14,1
14,7
-17,1
20,7
-16,1
15,7
-16,1
12,7
-12,1
12,7
-16,1
21,7
-17,1
14,7
-14,1
14,7
-18,1
20,7
-16,1
16,7
-16,1
12,7
-12,1
13,7
-17,1
22,7
-18,1
15,7
-14,1
13,7
-18,1
18,7
-15,1
12,7
-12,1
14,7
-13,1
12,7
-17,1
21,7
-17,1
13,7
-13,1
13,7
-16,1
19,7
-16,1
16,7
-16,1
14,7
-14,1
14,7
-18,1
22,7
-18,1
10,7
-10,1
11,7
-15,1
19,7
-15,1
17,7
-17,1
13,7
-13,1
12,7
-16,1
18,7
-14,1
12,7
-12,1
12,7
-16,1
19,7
-15,1
15,7
-15,1
14,7
-14,1
15,7
-18,1
20,7
-17,1
15,7
-15,1
12,7
-16,1
21,7
-17,1
15,7
-15,1
14,7
-14,1
14,7
-18,1
21,7
-17,1
16,7
-16,1
12,7
-16,1
19,7
-15,1
16,7
-16,1
13,7
-13,1
12,7
-16,1
19,7
-15,1
18,7
-18,1
14,7
-14,1
12,7
-16,1
20,7
-16,1
14,7
-14,1
12,7
-16,1
22,7
-18,1
15,7
-15,1
14,7
-14,1
16,7
-18,1
21,7
-18,1
11,7
-12,1
11,7
-15,1
19,7
-15,1
17,7
-17,1
14,7
-14,1
14,7
-18,1
22,7
-18,1
14,7
-14,1
14,7
-18,1
20,7
-16,1
18,7
-18,1
14,7
-14,1
-27054,6
-27038,7
-20,1
23,7
-19,1
14,7
-14,1
14,7
-18,1
22,7
-18,1
18,7
-18,1
13,7
-13,1
13,7
-17,1
20,7
-16,1
12,7
-12,1
12,7
-16,1
22,7
-18,1
18,7
-18,1
14,7
-14,1
13,7
-17,1
19,7
-15,1
12,7
-12,1
12,7
-16,1
21,7
-17,1
18,7
-18,1
14,7
-14,1
14,7
-18,1
22,7
-18,1
14,7
-14,1
13,7
-17,1
19,7
-15,1
14,7
-14,1
14,7
-14,1
14,7
-18,1
22,7
-18,1
14,7
-14,1
12,7
-16,1
21,7
-17,1
18,7
-18,1
14,7
-14,1
13,7
-17,1
22,7
-17,1
15,7
-14,1
12,7
-18,1
20,7
-16,1
16,7
-16,1
12,7
-12,1
13,7
-17,1
22,7
-18,1
14,7
-14,1
12,7
-16,1
22,7
-18,1
18,7
-18,1
13,7
-13,1
13,7
-17,1
20,7
-16,1
12,7
-12,1
10,7
-14,1
22,7
-18,1
18,7
-18,1
14,7
-14,1
13,7
-17,1
21,7
-17,1
13,7
-13,1
12,7
-16,1
18,7
-14,1
16,7
-16,1
13,7
-13,1
14,7
-18,1
22,7
-18,1
16,7
-16,1
13,7
-17,1
20,7
-16,1
18,7
-18,1
10,7
-10,1
12,7
-16,1
23,7
-18,1
17,7
-18,1
14,7
-18,1
21,7
-17,1
15,7
-15,1
13,7
-13,1
12,7
-16,1
20,7
-16,1
19,7
-18,1
10,7
-15,1
22,7
-18,1
17,7
-17,1
14,7
-14,1
13,7
-17,1
22,7
-18,1
16,7
-16,1
14,7
-18,1
23,7
-18,1
17,7
-18,1
14,7
-14,1
13,7
-17,1
20,7
-16,1
16,7
-16,1
13,7
-17,1
19,7
-15,1
15,7
-15,1
13,7
-13,1
13,7
-17,1
22,7
-18,1
17,7
-17,1
13,7
-13,1
13,7
-17,1
20,7
-16,1
14,7
-14,1
12,7
-16,1
22,7
-18,1
18,7
-18,1
13,7
-13,1
14,7
-18,1
21,7
-17,1
13,7
-13,1
12,7
-16,1
20,7
-16,1
18,7
-18,1
13,7
-13,1
13,7
-17,1
21,7
-17,1
14,7
-14,1
13,7
-17,1
20,7
-16,1
18,7
-18,1
14,7
-14,1
14,7
-18,1
22,7
-18,1
13,7
-13,1
14,7
-18,1
21,7
-17,1
17,7
-17,1
13,7
-13,1
11,7
-15,1
22,7
-17,1
12,7
-13,1
11,7
-15,1
20,7
-16,1
18,7
-18,1
10,7
-10,1
11,7
-15,1
22,7
-18,1
14,7
-14,1
14,7
-18,1
22,7
-18,1
18,7
-18,1
14,7
-14,1
13,7
-17,1
21,7
-17,1
11,7
-11,1
13,7
-17,1
21,7
-17,1
18,7
-18,1
13,7
-13,1
14,7
-18,1
22,7
-18,1
14,7
-14,1
13,7
-17,1
21,7
-17,1
18,7
-18,1
14,7
-14,1
14,7
-18,1
21,7
-17,1
14,7
-14,1
12,7
-16,1
22,7
-18,1
15,7
-15,1
14,7
-14,1
14,7
-18,1
22,7
-18,1
14,7
-14,1
14,7
-18,1
22,7
-18,1
18,7
-18,1
13,7
-13,1
14,7
-18,1
20,7
-16,1
13,7
-13,1
12,7
-16,1
21,7
-17,1
17,7
-17,1
14,7
-14,1
14,7
-18,1
18,7
-14,1
14,7
-14,1
14,7
-18,1
20,7
-16,1
18,7
-18,1
14,7
-14,1
14,7
-18,1
22,7
-18,1
18,7
-18,1
14,7
-18,1
22,7
-18,1
18,7
-18,1
12,7
-12,1
13,7
-17,1
21,7
-17,1
17,7
-17,1
13,7
-17,1
19,7
-15,1
17,7
-17,1
15,7
-14,1
13,7
-18,1
22,7
-18,1
17,7
-16,1
13,7
-14,1
14,7
-18,1
22,7
-18,1
13,7
-13,1
14,7
-18,1
22,7
-18,1
18,7
-18,1
14,7
-14,1
14,7
-18,1
23,7
-18,1
12,7
-13,1
11,7
-15,1
19,7
-15,1
15,7
-16,1
10,7
-10,1
11,7
-16,1
17,7
-14,1
14,7
-13,1
14,7
-18,1
22,7
-18,1
17,7
-18,1
14,7
-14,1
15,7
-18,1
20,7
-18,1
14,7
-13,1
12,7
-17,1
22,7
-17,1
16,7
-17,1
11,7
-11,1
15,7
-18,1
30,7
-18,1
5,7
-13,1
6,7
-10,1
14,7
-11,1
13,7
-13,1
13,7
-14,1
14,7
-17,1
19,7
-16,1
14,7
-14,1
11,7
-14,1
16,7
-12,1
14,7
-14,1
13,7
-14,1
14,7
-17,1
19,7
-15,1
6,7
-7,1
10,7
-14,1
20,7
-15,1
17,7
-18,1
13,7
-13,1
15,7
-18,1
18,7
-14,1
13,7
-14,1
14,7
-18,1
21,7
-17,1
16,7
-16,1
0,7
13,8
-18,1
21,7
-16,1
13,7
-14,1
12,7
-17,1
21,7
-16,1
16,7
-16,1
12,7
-13,1
13,7
-17,1
18,7
-13,1
5,7
-6,1
12,7
-17,1
21,7
-16,1
17,7
-17,1
13,7
-13,1
13,7
-18,1
23,7
-18,1
12,7
-13,1
13,7
-18,1
22,7
-18,1
18,7
-18,1
10,7
-10,1
14,7
-17,1
22,7
-18,1
13,7
-13,1
12,7
-17,1
21,7
-16,1
16,7
-16,1
7,7
-8,1
8,7
-13,1
22,7
-18,1
17,7
-17,1
13,7
-18,1
22,7
-17,1
22,7
-18,1
10,7
-14,1
14,7
-18,1
21,7
-17,1
15,7
-16,1
13,7
-17,1
23,7
-19,1
-36979,15
-19,1
13,7
-14,1
16,7
-18,1
21,7
-19,1
16,7
-16,1
13,7
-17,1
22,7
-18,1
18,7
-17,1
11,7
-11,1
11,7
-15,1
24,7
-16,1
12,7
-16,1
14,7
-18,1
20,7
-16,1
17,7
-17,1
13,7
-14,1
14,7
-18,1
23,7
-18,1
19,7
-18,1
12,7
-17,1
22,7
-18,1
17,7
-17,1
13,7
-14,1
13,7
-17,1
20,7
-15,1
9,7
-10,1
10,7
-10,1
12,7
-15,1
18,7
-15,1
8,7
-8,1
15,7
-18,1
20,7
-17,1
18,7
-17,1
13,7
-13,1
11,7
-15,1
20,7
-16,1
19,7
-12,1
6,7
-18,1
23,7
-18,1
17,7
-17,1
13,7
-14,1
15,7
-18,1
20,7
-16,1
14,7
-14,1
13,7
-17,1
18,7
-15,1
18,7
-17,1
9,7
-10,1
13,7
-17,1
23,7
-18,1
13,7
-14,1
14,7
-17,1
21,7
-17,1
16,7
-17,1
12,7
-12,1
13,7
-17,1
20,7
-15,1
11,7
-11,1
12,7
-17,1
21,7
-16,1
16,7
-16,1
13,7
-13,1
14,7
-17,1
20,7
-18,1
13,7
-13,1
12,7
-17,1
22,7
-18,1
18,7
-18,1
12,7
-13,1
14,7
-18,1
22,7
-17,1
11,7
-12,1
14,7
-18,1
22,7
-17,1
18,7
-18,1
14,7
-14,1
12,7
-17,1
22,7
-17,1
14,7
-14,1
15,7
-17,1
19,7
-17,1
17,7
-17,1
9,7
-10,1
14,7
-18,1
22,7
-17,1
11,7
-12,1
13,7
-18,1
20,7
-15,1
15,7
-16,1
12,7
-12,1
13,7
-17,1
21,7
-17,1
15,7
-14,1
9,7
-14,1
22,7
-18,1
17,7
-16,1
12,7
-11,1
10,7
-16,1
21,7
-16,1
9,7
-10,1
12,7
-17,1
22,7
-17,1
17,7
-18,1
18,7
-14,1
11,7
-18,1
20,7
-17,1
13,7
-13,1
13,7
-18,1
24,7
-18,1
16,7
-18,1
10,7
-11,1
13,7
-18,1
20,7
-16,1
17,7
-16,1
11,7
-15,1
17,7
-14,1
16,7
-15,1
12,7
-13,1
14,7
-18,1
19,7
-15,1
18,7
-18,1
15,7
-18,1
18,7
-14,1
16,7
-17,1
12,7
-13,1
13,7
-17,1
22,7
-18,1
18,7
-18,1
12,7
-13,1
13,7
-17,1
22,7
-18,1
13,7
-13,1
11,7
-15,1
21,7
-17,1
16,7
-17,1
13,7
-13,1
12,7
-16,1
21,7
-17,1
14,7
-13,1
12,7
-17,1
21,7
-16,1
17,7
-18,1
14,7
-14,1
14,7
-18,1
22,7
-18,1
14,7
-14,1
13,7
-18,1
20,7
-17,1
18,7
-18,1
13,7
-12,1
12,7
-16,1
22,7
-18,1
12,7
-13,1
14,7
-17,1
22,7
-18,1
18,7
-18,1
13,7
-14,1
13,7
-17,1
22,7
-18,1
14,7
-14,1
15,7
-18,1
22,7
-18,1
16,7
-17,1
13,7
-13,1
12,7
-15,1
19,7
-15,1
10,7
-11,1
13,7
-16,1
19,7
-16,1
15,7
-15,1
10,7
-11,1
12,7
-16,1
21,7
-16,1
12,7
-12,1
13,7
-18,1
22,7
-18,1
18,7
-18,1
13,7
-14,1
14,7
-18,1
22,7
-18,1
14,7
-14,1
16,7
-18,1
18,7
-16,1
17,7
-18,1
14,7
-14,1
13,7
-17,1
21,7
-17,1
11,7
-11,1
13,7
-18,1
25,7
-17,1
13,7
-17,1
14,7
-14,1
13,7
-17,1
23,7
-18,1
13,7
-14,1
13,7
-17,1
22,7
-18,1
17,7
-18,1
14,7
-14,1
13,7
-17,1
19,7
-15,1
12,7
-12,1
14,7
-18,1
21,7
-17,1
17,7
-17,1
14,7
-14,1
20,7
-18,1
16,7
-18,1
14,7
-14,1
13,7
-17,1
22,7
-18,1
18,7
-18,1
14,7
-13,1
13,7
-18,1
21,7
-16,1
15,7
-15,1
11,7
-16,1
20,7
-16,1
17,7
-17,1
12,7
-13,1
13,7
-17,1
20,7
-15,1
17,7
-18,1
20,7
-18,1
14,7
-17,1
17,7
-17,1
13,7
-14,1
11,7
-15,1
20,7
-17,1
18,7
-18,1
13,7
-18,1
22,7
-17,1
17,7
-17,1
13,7
-14,1
13,7
-18,1
21,7
-17,1
19,7
-18,1
11,7
-16,1
20,7
-15,1
17,7
-17,1
14,7
-14,1
15,7
-17,1
19,7
-17,1
17,7
-17,1
11,7
-16,1
23,7
-18,1
16,7
-17,1
14,7
-14,1
14,7
-18,1
23,7
-18,1
16,7
-17,1
14,7
-14,1
14,7
-18,1
22,7
-17,1
12,7
-13,1
9,7
-13,1
20,7
-16,1
18,7
-17,1
14,7
-14,1
13,7
-18,1
20,7
-16,1
13,7
-13,1
14,7
-18,1
23,7
-18,1
15,7
-16,1
13,7
-14,1
18,7
-18,1
14,7
-13,1
11,7
-11,1
11,7
-16,1
19,7
-15,1
18,7
-17,1
7,7
-8,1
12,7
-16,1
21,7
-16,1
13,7
-14,1
13,7
-17,1
21,7
-18,1
17,7
-18,1
15,7
-14,1
13,7
-17,1
21,7
-17,1
13,7
-14,1
13,7
-17,1
20,7
-17,1
17,7
-16,1
11,7
-12,1
11,7
-15,1
22,7
-18,1
10,7
-11,1
13,7
-17,1
21,7
-16,1
17,7
-17,1
10,7
-11,1
15,7
-18,1
21,7
-17,1
13,7
-14,1
14,7
-18,1
21,7
-17,1
18,7
-18,1
-46922,15
-15,1
12,7
-17,1
21,7
-18,1
13,7
-12,1
13,7
-18,1
21,7
-17,1
16,7
-17,1
13,7
-12,1
12,7
-17,1
22,7
-18,1
13,7
-13,1
13,7
-18,1
22,7
-18,1
18,7
-18,1
13,7
-14,1
13,7
-17,1
21,7
-17,1
13,7
-13,1
13,7
-18,1
21,7
-17,1
16,7
-16,1
12,7
-13,1
14,7
-18,1
21,7
-17,1
15,7
-14,1
12,7
-17,1
23,7
-18,1
18,7
-18,1
13,7
-14,1
13,7
-17,1
22,7
-18,1
14,7
-14,1
13,7
-17,1
20,7
-15,1
17,7
-17,1
10,7
-11,1
12,7
-17,1
23,7
-18,1
18,7
-18,1
13,7
-18,1
21,7
-17,1
17,7
-18,1
12,7
-13,1
16,7
-18,1
21,7
-18,1
17,7
-18,1
14,7
-18,1
22,7
-18,1
16,7
-16,1
12,7
-13,1
14,7
-18,1
20,7
-16,1
18,7
-17,1
10,7
-12,1
13,7
-17,1
22,7
-18,1
14,7
-14,1
13,7
-17,1
23,7
-18,1
17,7
-18,1
14,7
-13,1
13,7
-18,1
21,7
-16,1
13,7
-14,1
13,7
-17,1
21,7
-17,1
15,7
-15,1
13,7
-13,1
18,7
-17,1
19,7
-17,1
9,7
-12,1
14,7
-18,1
27,7
-18,1
14,7
-18,1
13,7
-14,1
13,7
-17,1
22,7
-18,1
13,7
-12,1
12,7
-17,1
23,7
-18,1
18,7
-18,1
14,7
-14,1
13,7
-18,1
20,7
-15,1
11,7
-12,1
17,7
-15,1
17,7
-18,1
18,7
-18,1
13,7
-14,1
13,7
-17,1
20,7
-17,1
14,7
-14,1
15,7
-18,1
21,7
-18,1
19,7
-18,1
13,7
-14,1
14,7
-18,1
22,7
-18,1
13,7
-13,1
14,7
-18,1
19,7
-15,1
18,7
-18,1
20,7
-13,1
6,7
-16,1
21,7
-17,1
11,7
-11,1
11,7
-16,1
21,7
-16,1
16,7
-17,1
12,7
-12,1
14,7
-17,1
22,7
-18,1
14,7
-14,1
13,7
-18,1
19,7
-16,1
18,7
-18,1
15,7
-14,1
10,7
-15,1
23,7
-18,1
14,7
-14,1
12,7
-17,1
23,7
-18,1
18,7
-18,1
13,7
-14,1
13,7
-17,1
22,7
-18,1
12,7
-13,1
11,7
-15,1
22,7
-17,1
14,7
-14,1
12,7
-13,1
12,7
-15,1
19,7
-16,1
14,7
-14,1
13,7
-17,1
20,7
-17,1
18,7
-17,1
16,7
-14,1
10,7
-17,1
21,7
-17,1
16,7
-16,1
13,7
-17,1
22,7
-18,1
17,7
-17,1
12,7
-13,1
13,7
-17,1
21,7
-16,1
16,7
-16,1
13,7
-18,1
20,7
-16,1
17,7
-17,1
12,7
-13,1
11,7
-15,1
19,7
-15,1
17,7
-17,1
13,7
-18,1
22,7
-18,1
19,7
-18,1
13,7
-14,1
14,7
-18,1
23,7
-18,1
18,7
-18,1
13,7
-18,1
22,7
-18,1
17,7
-17,1
13,7
-14,1
13,7
-18,1
22,7
-18,1
17,7
-17,1
11,7
-16,1
22,7
-17,1
16,7
-16,1
14,7
-14,1
13,7
-18,1
18,7
-14,1
17,7
-17,1
13,7
-14,1
14,7
-18,1
23,7
-18,1
14,7
-14,1
13,7
-18,1
22,7
-17,1
18,7
-18,1
14,7
-14,1
14,7
-18,1
21,7
-17,1
12,7
-12,1
14,7
-18,1
22,7
-18,1
17,7
-18,1
13,7
-13,1
14,7
-18,1
22,7
-18,1
11,7
-11,1
8,7
-13,1
21,7
-17,1
17,7
-17,1
13,7
-13,1
13,7
-17,1
20,7
-16,1
11,7
-12,1
13,7
-17,1
22,7
-17,1
18,7
-18,1
14,7
-14,1
13,7
-17,1
21,7
-18,1
14,7
-14,1
13,7
-17,1
23,7
-18,1
17,7
-17,1
13,7
-14,1
14,7
-18,1
23,7
-18,1
13,7
-13,1
12,7
-17,1
22,7
-17,1
17,7
-17,1
11,7
-11,1
13,7
-17,1
21,7
-17,1
14,7
-14,1
16,7
-18,1
20,7
-18,1
17,7
-17,1
13,7
-14,1
14,7
-18,1
23,7
-18,1
11,7
-11,1
12,7
-15,1
20,7
-12,1
12,7
-17,1
10,7
-11,1
11,7
-15,1
21,7
-17,1
12,7
-12,1
14,7
-18,1
22,7
-18,1
15,7
-15,1
10,7
-10,1
14,7
-18,1
21,7
-17,1
9,7
-9,1
-1,7
-3,1
8,7
-5,1
7,7
-6,1
15,7
-11,1
8,7
-16,1
17,7
-15,1
11,7
-11,1
11,7
-15,1
20,7
-15,1
15,7
-15,1
11,7
-11,1
9,7
-14,1
19,7
-15,1
12,7
-11,1
11,7
-15,1
22,7
-18,1
17,7
-18,1
6,7
-6,1
7,7
-11,1
11,7
-8,1
18,7
-18,1
21,7
-18,1
16,7
-18,1
17,7
-18,1
11,7
-10,1
9,7
-14,1
18,7
-14,1
18,7
-17,1
12,7
-17,1
20,7
-15,1
18,7
-18,1
13,7
-14,1
11,7
-15,1
19,7
-15,1
18,7
-18,1
14,7
-14,1
10,7
-15,1
22,7
-18,1
14,7
-14,1
13,7
-17,1
20,7
-17,1
18,7
-18,1
14,7
-14,1
14,7
-18,1
20,7
-16,1
13,7
-13,1
13,7
-17,1
23,7
-18,1
17,7
-18,1
15,7
-14,1
14,7
-18,1
22,7
-18,1
13,7
-14,1
12,7
-15,1
21,7
-17,1
17,7
-18,1
16,7
-15,1
-56878,7
-56862,7
-20,1
22,7
-19,1
15,7
-15,1
14,7
-18,1
20,7
-17,1
17,7
-16,1
13,7
-13,1
12,7
-15,1
20,7
-17,1
12,7
-12,1
11,7
-15,1
19,7
-15,1
16,7
-16,1
10,7
-11,1
13,7
-17,1
23,7
-18,1
12,7
-13,1
14,7
-17,1
21,7
-17,1
17,7
-17,1
11,7
-12,1
10,7
-14,1
17,7
-13,1
11,7
-11,1
14,7
-18,1
21,7
-18,1
16,7
-16,1
12,7
-13,1
13,7
-18,1
23,7
-18,1
11,7
-11,1
13,7
-17,1
22,7
-18,1
17,7
-18,1
14,7
-14,1
13,7
-18,1
22,7
-18,1
14,7
-14,1
12,7
-16,1
18,7
-14,1
17,7
-17,1
13,7
-13,1
12,7
-16,1
21,7
-17,1
11,7
-11,1
11,7
-16,1
21,7
-17,1
18,7
-17,1
13,7
-14,1
14,7
-18,1
22,7
-18,1
15,7
-14,1
13,7
-17,1
21,7
-17,1
17,7
-17,1
13,7
-13,1
12,7
-17,1
21,7
-17,1
13,7
-13,1
11,7
-15,1
21,7
-18,1
19,7
-18,1
13,7
-14,1
14,7
-17,1
21,7
-18,1
16,7
-16,1
10,7
-14,1
21,7
-16,1
16,7
-16,1
11,7
-12,1
14,7
-18,1
22,7
-18,1
17,7
-18,1
13,7
-18,1
21,7
-16,1
16,7
-17,1
13,7
-13,1
13,7
-17,1
21,7
-17,1
18,7
-18,1
13,7
-18,1
22,7
-18,1
16,7
-16,1
12,7
-12,1
16,7
-18,1
20,7
-18,1
18,7
-18,1
14,7
-18,1
22,7
-18,1
17,7
-18,1
14,7
-14,1
12,7
-16,1
19,7
-15,1
18,7
-18,1
13,7
-16,1
21,7
-17,1
17,7
-18,1
14,7
-14,1
14,7
-18,1
21,7
-16,1
17,7
-17,1
16,7
-12,1
10,7
-18,1
21,7
-17,1
13,7
-14,1
13,7
-17,1
21,7
-17,1
15,7
-15,1
11,7
-11,1
14,7
-16,1
18,7
-16,1
11,7
-11,1
13,7
-18,1
21,7
-17,1
18,7
-18,1
13,7
-14,1
12,7
-16,1
22,7
-18,1
12,7
-12,1
13,7
-18,1
21,7
-18,1
18,7
-18,1
13,7
-14,1
14,7
-18,1
20,7
-16,1
13,7
-13,1
16,7
-16,1
17,7
-15,1
15,7
-17,1
13,7
-13,1
13,7
-16,1
20,7
-16,1
13,7
-14,1
12,7
-16,1
23,7
-18,1
18,7
-18,1
12,7
-13,1
13,7
-17,1
23,7
-18,1
13,7
-14,1
14,7
-18,1
16,7
-12,1
17,7
-17,1
19,7
-12,1
9,7
-17,1
19,7
-18,1
14,7
-14,1
14,7
-18,1
21,7
-18,1
17,7
-17,1
12,7
-12,1
14,7
-18,1
22,7
-18,1
13,7
-13,1
14,7
-18,1
21,7
-17,1
16,7
-16,1
14,7
-14,1
10,7
-14,1
20,7
-16,1
13,7
-12,1
13,7
-18,1
21,7
-17,1
18,7
-18,1
14,7
-14,1
14,7
-18,1
20,7
-16,1
14,7
-14,1
14,7
-18,1
22,7
-18,1
18,7
-18,1
14,7
-14,1
14,7
-18,1
21,7
-17,1
14,7
-14,1
10,7
-14,1
20,7
-16,1
21,7
-18,1
9,7
-12,1
14,7
-18,1
21,7
-17,1
13,7
-13,1
12,7
-16,1
20,7
-16,1
18,7
-18,1
14,7
-14,1
14,7
-18,1
21,7
-17,1
17,7
-17,1
13,7
-17,1
21,7
-17,1
17,7
-16,1
9,7
-10,1
12,7
-16,1
22,7
-18,1
19,7
-18,1
13,7
-18,1
22,7
-18,1
18,7
-18,1
12,7
-12,1
-63987,7
-17,1
21,7
-17,1
18,7
-18,1
13,7
-13,1
13,7
-17,1
18,7
-14,1
12,7
-12,1
14,7
-18,1
19,7
-15,1
15,7
-15,1
12,7
-12,1
13,7
-17,1
20,7
-16,1
13,7
-13,1
13,7
21,8
-17,1
17,7
-17,1
13,7
-13,1
11,7
-15,1
23,7
-18,1
14,7
-14,1
13,7
-18,1
21,7
-17,1
17,7
-17,1
12,7
-12,1
12,7
-16,1
21,7
-17,1
13,7
-13,1
13,7
-18,1
22,7
-18,1
17,7
-17,1
12,7
-13,1
13,7
-17,1
20,7
-16,1
12,7
-12,1
11,7
-15,1
22,7
-18,1
19,7
-18,1
13,7
-14,1
14,7
-18,1
19,7
-15,1
14,7
-14,1
11,7
-15,1
20,7
-16,1
18,7
-17,1
10,7
-11,1
14,7
-17,1
21,7
-18,1
14,7
-14,1
13,7
-17,1
20,7
-16,1
18,7
-18,1
11,7
-11,1
14,7
-18,1
22,7
-18,1
13,7
-13,1
14,7
-18,1
21,7
-17,1
15,7
-15,1
12,7
-12,1
13,7
-17,1
19,7
-15,1
12,7
-12,1
14,7
-18,1
21,7
-17,1
16,7
-16,1
13,7
-14,1
14,7
-17,1
21,7
-18,1
13,7
-13,1
15,7
-18,1
22,7
-18,1
17,7
-18,1
15,7
-14,1
12,7
-17,1
21,7
-16,1
13,7
-13,1
12,7
-17,1
19,7
-15,1
17,7
-16,1
12,7
-13,1
13,7
-17,1
23,7
-18,1
13,7
-14,1
12,7
-16,1
21,7
-16,1
16,7
-17,1
14,7
-14,1
17,7
-18,1
18,7
-17,1
18,7
-18,1
13,7
-17,1
20,7
-16,1
17,7
-17,1
12,7
-12,1
12,7
-16,1
20,7
-16,1
18,7
-18,1
12,7
-16,1
23,7
-19,1
-2803,15
-19,1
14,7
-14,1
11,7
-15,1
20,7
-16,1
18,7
-18,1
15,7
-18,1
21,7
-18,1
18,7
-18,1
14,7
-14,1
13,7
-17,1
21,7
-17,1
17,7
-17,1
13,7
-17,1
20,7
-16,1
18,7
-18,1
13,7
-13,1
14,7
-18,1
22,7
-18,1
18,7
-18,1
14,7
-18,1
20,7
-15,1
17,7
-17,1
13,7
-13,1
13,7
-18,1
22,7
-18,1
18,7
-18,1
14,7
-14,1
13,7
-17,1
21,7
-17,1
14,7
-14,1
14,7
-18,1
21,7
-17,1
17,7
-17,1
12,7
-12,1
13,7
-17,1
22,7
-18,1
14,7
-14,1
11,7
-15,1
22,7
-18,1
19,7
-18,1
12,7
-13,1
13,7
-17,1
20,7
-16,1
13,7
-13,1
12,7
-15,1
20,7
-17,1
16,7
-16,1
13,7
-13,1
12,7
-16,1
21,7
-17,1
14,7
-14,1
14,7
-17,1
21,7
-18,1
18,7
-18,1
10,7
-9,1
13,7
-18,1
22,7
-18,1
14,7
-14,1
14,7
-18,1
21,7
-17,1
17,7
-17,1
14,7
-14,1
13,7
-17,1
21,7
-17,1
11,7
-11,1
14,7
-18,1
18,7
-14,1
17,7
-17,1
13,7
-13,1
14,7
-18,1
20,7
-16,1
14,7
-13,1
13,7
-17,1
19,7
-16,1
16,7
-16,1
12,7
-13,1
13,7
-17,1
21,7
-17,1
14,7
-14,1
13,7
-17,1
22,7
-18,1
18,7
-18,1
14,7
-14,1
14,7
-18,1
20,7
-16,1
13,7
-13,1
12,7
-16,1
23,7
-18,1
18,7
-18,1
10,7
-11,1
12,7
-15,1
20,7
-17,1
13,7
-13,1
12,7
-16,1
20,7
-16,1
15,7
-15,1
14,7
-14,1
12,7
-16,1
22,7
-18,1
14,7
-13,1
13,7
-18,1
22,7
-18,1
18,7
-18,1
12,7
-13,1
14,7
-18,1
20,7
-16,1
13,7
-13,1
13,7
-17,1
22,7
-18,1
18,7
-18,1
14,7
-14,1
14,7
-18,1
22,7
-18,1
18,7
-18,1
12,7
-16,1
19,7
-15,1
18,7
-18,1
13,7
-13,1
12,7
-16,1
20,7
-16,1
17,7
-16,1
12,7
-16,1
21,7
-18,1
17,7
-17,1
14,7
-14,1
13,7
-17,1
21,7
-17,1
17,7
-17,1
14,7
-14,1
14,7
-18,1
22,7
-18,1
12,7
-12,1
14,7
-18,1
21,7
-16,1
17,7
-18,1
11,7
-11,1
11,7
-14,1
21,7
-18,1
11,7
-11,1
13,7
-16,1
19,7
-16,1
17,7
-17,1
15,7
-14,1
11,7
-16,1
22,7
-18,1
13,7
-12,1
12,7
-17,1
21,7
-17,1
17,7
-16,1
11,7
-12,1
14,7
-17,1
21,7
-17,1
13,7
-14,1
14,7
-18,1
20,7
-15,1
15,7
-16,1
13,7
-13,1
13,7
-17,1
20,7
-16,1
14,7
-14,1
14,7
-18,1
22,7
-18,1
18,7
-18,1
14,7
-14,1
14,7
-18,1
17,7
-13,1
13,7
-13,1
13,7
-17,1
22,7
-18,1
18,7
-18,1
12,7
-12,1
11,7
-15,1
21,7
-17,1
11,7
-11,1
12,7
-16,1
22,7
-18,1
15,7
-15,1
14,7
-14,1
13,7
-17,1
20,7
-16,1
14,7
-14,1
13,7
-17,1
22,7
-18,1
18,7
-18,1
14,7
-13,1
13,7
-18,1
22,7
-18,1
14,7
-14,1
14,7
-17,1
21,7
-18,1
18,7
-18,1
14,7
-14,1
14,7
-18,1
22,7
-18,1
11,7
-11,1
13,7
-17,1
21,7
-17,1
17,7
-17,1
12,7
-12,1
8,7
-12,1
21,7
-17,1
13,7
-13,1
12,7
-16,1
18,7
-15,1
17,7
-17,1
14,7
-14,1
14,7
-18,1
21,7
-17,1
11,7
-11,1
14,7
-18,1
22,7
-18,1
18,7
-18,1
14,7
-14,1
14,7
-18,1
22,7
-18,1
17,7
-17,1
13,7
-17,1
19,7
-15,1
16,7
-16,1
11,7
-11,1
14,7
-18,1
22,7
-18,1
18,7
-18,1
14,7
-18,1
21,7
-17,1
16,7
-16,1
14,7
-14,1
14,7
-18,1
21,7
-17,1
18,7
-18,1
14,7
-18,1
22,7
-18,1
16,7
-16,1
14,7
-14,1
11,7
-15,1
21,7
-16,1
17,7
-18,1
13,7
-17,1
22,7
-18,1
16,7
-16,1
14,7
-14,1
14,7
-18,1
21,7
-17,1
19,7
-18,1
13,7
-18,1
21,7
-17,1
18,7
-18,1
14,7
-14,1
14,7
-18,1
22,7
-18,1
16,7
-16,1
12,7
-12,1
10,7
-14,1
21,7
-17,1
13,7
-13,1
15,7
-18,1
22,7
-18,1
15,7
-16,1
9,7
-9,1
14,7
-18,1
22,7
-18,1
14,7
-14,1
14,7
-18,1
22,7
-18,1
18,7
-18,1
14,7
-14,1
14,7
-18,1
22,7
-18,1
11,7
-12,1
12,7
-16,1
17,7
-13,1
16,7
-16,1
14,7
-14,1
13,7
-17,1
23,7
-18,1
13,7
-13,1
12,7
-17,1
22,7
-18,1
18,7
-18,1
14,7
-14,1
14,7
-18,1
20,7
-17,1
11,7
-11,1
14,7
-18,1
22,7
-18,1
15,7
-15,1
13,7
-13,1
13,7
-17,1
21,7
-17,1
9,7
-9,1
7,7
-11,1
20,7
-16,1
16,7
-16,1
13,7
-13,1
14,7
-18,1
21,7
-17,1
13,7
-13,1
14,7
-18,1
22,7
-18,1
19,7
-19,1
-12762,7
-12745,7
-16,1
14,7
-19,1
20,7
-16,1
14,7
-13,1
13,7
-18,1
22,7
-18,1
17,7
-17,1
14,7
-14,1
14,7
-18,1
21,7
-17,1
13,7
-14,1
14,7
-18,1
22,7
-18,1
18,7
-18,1
14,7
-14,1
13,7
-17,1
21,7
-17,1
13,7
-13,1
11,7
-16,1
20,7
-16,1
18,7
-17,1
12,7
-12,1
12,7
-17,1
20,7
-16,1
12,7
-12,1
12,7
-15,1
21,7
-18,1
17,7
-17,1
13,7
-14,1
16,7
-18,1
20,7
-18,1
13,7
-13,1
11,7
-15,1
22,7
-18,1
18,7
-18,1
12,7
-12,1
12,7
-16,1
19,7
-15,1
17,7
-17,1
10,7
-14,1
20,7
-16,1
16,7
-16,1
12,7
-12,1
14,7
-18,1
20,7
-16,1
17,7
-17,1
14,7
-17,1
21,7
-18,1
18,7
-18,1
13,7
-13,1
14,7
-18,1
22,7
-18,1
18,7
-18,1
14,7
-14,1
12,7
-16,1
20,7
-16,1
12,7
-12,1
12,7
-16,1
21,7
-18,1
17,7
-17,1
14,7
-14,1
12,7
-16,1
20,7
-16,1
14,7
-13,1
11,7
-16,1
22,7
-18,1
18,7
-18,1
14,7
-14,1
14,7
-18,1
22,7
-18,1
14,7
-14,1
13,7
-17,1
21,7
-17,1
17,7
-17,1
14,7
-14,1
15,7
-18,1
22,7
-18,1
12,7
-13,1
12,7
-16,1
22,7
-18,1
18,7
-17,1
11,7
-12,1
14,7
-18,1
21,7
-17,1
13,7
-13,1
14,7
-18,1
22,7
-18,1
17,7
-17,1
13,7
-14,1
12,7
-16,1
15,7
-11,1
6,7
-6,1
10,7
-14,1
21,7
-17,1
17,7
-17,1
10,7
-10,1
10,7
-14,1
20,7
-16,1
13,7
-14,1
14,7
-18,1
22,7
-18,1
17,7
-17,1
13,7
-14,1
14,7
-18,1
21,7
-17,1
14,7
-14,1
13,7
-17,1
19,7
-15,1
18,7
-18,1
12,7
-12,1
13,7
-17,1
22,7
-18,1
12,7
-12,1
13,7
-18,1
22,7
-17,1
15,7
-16,1
13,7
-13,1
13,7
-17,1
22,7
-18,1
14,7
-14,1
14,7
-18,1
22,7
-18,1
18,7
-18,1
13,7
-13,1
14,7
-18,1
20,7
-16,1
12,7
-12,1
13,7
-17,1
21,7
-17,1
15,7
-15,1
13,7
-13,1
14,7
-18,1
19,7
-15,1
13,7
-13,1
14,7
-18,1
22,7
-18,1
18,7
-18,1
14,7
-14,1
14,7
-18,1
21,7
-17,1
18,7
-18,1
13,7
-17,1
20,7
-16,1
17,7
-17,1
12,7
-12,1
14,7
-18,1
22,7
-18,1
18,7
-18,1
10,7
-14,1
22,7
-18,1
18,7
-18,1
14,7
-14,1
14,7
-18,1
22,7
-18,1
18,7
-18,1
13,7
-17,1
20,7
-16,1
18,7
-18,1
12,7
-12,1
12,7
-16,1
21,7
-17,1
18,7
-18,1
14,7
-18,1
22,7
-18,1
18,7
-18,1
13,7
-13,1
14,7
-18,1
21,7
-17,1
17,7
-17,1
13,7
-17,1
22,7
-18,1
18,7
-18,1
13,7
-13,1
12,7
-16,1
22,7
-18,1
17,7
-17,1
11,7
-11,1
11,7
-15,1
22,7
-18,1
13,7
-13,1
14,7
-17,1
21,7
-18,1
18,7
-18,1
13,7
-13,1
14,7
-18,1
22,7
-18,1
14,7
-14,1
14,7
-18,1
22,7
-18,1
17,7
-17,1
11,7
-11,1
12,7
-16,1
21,7
-17,1
13,7
-13,1
13,7
-17,1
22,7
-18,1
18,7
-18,1
14,7
-14,1
14,7
-18,1
22,7
-18,1
14,7
-14,1
14,7
-18,1
22,7
-18,1
17,7
-17,1
14,7
-14,1
13,7
-17,1
21,7
-17,1
13,7
-13,1
12,7
-16,1
20,7
-16,1
18,7
-18,1
14,7
-14,1
14,7
-18,1
20,7
-16,1
14,7
-14,1
14,7
-18,1
22,7
-18,1
18,7
-18,1
14,7
-14,1
14,7
-18,1
20,7
-16,1
14,7
-14,1
12,7
-16,1
20,7
-16,1
16,7
-16,1
14,7
-14,1
12,7
-16,1
22,7
-18,1
14,7
-14,1
14,7
-18,1
22,7
-18,1
16,7
-17,1
14,7
-14,1
14,7
-18,1
22,7
-17,1
13,7
-14,1
14,7
-18,1
21,7
-17,1
16,7
-16,1
12,7
-12,1
9,7
-13,1
21,7
-17,1
15,7
-14,1
13,7
-18,1
22,7
-18,1
18,7
-18,1
14,7
-14,1
12,7
-16,1
20,7
-16,1
14,7
-14,1
14,7
-18,1
22,7
-18,1
18,7
-18,1
14,7
-14,1
14,7
-18,1
21,7
-17,1
13,7
-13,1
10,7
-14,1
20,7
-16,1
20,7
-18,1
12,7
-14,1
14,7
-18,1
22,7
-18,1
17,7
-17,1
13,7
-17,1
21,7
-17,1
18,7
-18,1
13,7
-13,1
12,7
-16,1
22,7
-18,1
18,7
-18,1
11,7
-15,1
21,7
-17,1
17,7
-17,1
11,7
-11,1
13,7
-17,1
22,7
-18,1
17,7
-16,1
13,7
-14,1
14,7
-17,1
20,7
-17,1
14,7
-14,1
14,7
-18,1
20,7
-16,1
18,7
-18,1
14,7
-14,1
14,7
-18,1
22,7
-18,1
13,7
-13,1
13,7
-17,1
21,7
-17,1
16,7
-16,1
13,7
-13,1
11,7
-15,1
19,7
-15,1
13,7
-13,1
13,7
-17,1
20,7
-16,1
17,7
-17,1
15,7
-15,1
-22686,15
-19,1
21,7
-18,1
14,7
-14,1
14,7
-18,1
22,7
-18,1
17,7
-17,1
13,7
-14,1
15,7
-18,1
20,7
-17,1
14,7
-14,1
14,7
-18,1
22,7
-18,1
17,7
-17,1
13,7
-13,1
14,7
-18,1
21,7
-17,1
10,7
-10,1
12,7
-16,1
21,7
-17,1
17,7
-17,1
7,7
-7,1
11,7
-15,1
19,7
-15,1
12,7
-12,1
11,7
-15,1
19,7
-15,1
17,7
-17,1
13,7
-12,1
12,7
-17,1
20,7
-16,1
13,7
-13,1
13,7
-17,1
21,7
-17,1
18,7
-18,1
13,7
-13,1
13,7
-17,1
22,7
-18,1
14,7
-14,1
14,7
-18,1
22,7
-18,1
18,7
-18,1
12,7
-12,1
10,7
-14,1
21,7
-17,1
13,7
-13,1
13,7
-17,1
20,7
-16,1
17,7
-17,1
14,7
-14,1
14,7
-18,1
22,7
-18,1
14,7
-14,1
14,7
-18,1
22,7
-18,1
18,7
-18,1
14,7
-14,1
14,7
-18,1
21,7
-17,1
14,7
-14,1
13,7
-17,1
22,7
-18,1
18,7
-18,1
15,7
-14,1
12,7
-17,1
21,7
-17,1
17,7
-16,1
11,7
-16,1
19,7
-15,1
16,7
-16,1
14,7
-14,1
17,7
-18,1
19,7
-18,1
18,7
-18,1
14,7
-18,1
22,7
-18,1
18,7
-18,1
14,7
-14,1
14,7
-18,1
21,7
-17,1
17,7
-17,1
3,7
-7,1
22,7
-18,1
17,7
-17,1
14,7
-14,1
12,7
-16,1
19,7
-15,1
17,7
-17,1
14,7
-18,1
21,7
-18,1
14,7
-14,1
13,7
-13,1
13,7
-17,1
20,7
-16,1
17,7
-17,1
13,7
-17,1
21,7
-17,1
18,7
-18,1
14,7
-14,1
14,7
-18,1
22,7
-18,1
18,7
-18,1
13,7
-13,1
9,7
-13,1
21,7
-17,1
11,7
-11,1
10,7
-14,1
20,7
-17,1
16,7
-16,1
13,7
-13,1
12,7
-16,1
20,7
-16,1
12,7
-12,1
14,7
-18,1
22,7
-18,1
18,7
-17,1
13,7
-14,1
14,7
-18,1
22,7
-18,1
14,7
-14,1
13,7
-17,1
22,7
-18,1
20,7
-17,1
10,7
-13,1
12,7
-16,1
22,7
-18,1
13,7
-13,1
13,7
-17,1
21,7
-17,1
16,7
-16,1
14,7
-14,1
15,7
-18,1
20,7
-17,1
14,7
-14,1
14,7
-18,1
22,7
-18,1
18,7
-18,1
12,7
-12,1
14,7
-18,1
26,7
-18,1
9,7
-13,1
13,7
-17,1
21,7
-17,1
18,7
-18,1
13,7
-13,1
13,7
-17,1
21,7
-17,1
13,7
-13,1
13,7
-17,1
20,7
-16,1
17,7
-17,1
11,7
-11,1
12,7
-16,1
21,7
-18,1
11,7
-11,1
14,7
-18,1
23,7
-18,1
17,7
-18,1
13,7
-13,1
13,7
-17,1
20,7
-16,1
13,7
-13,1
14,7
-18,1
22,7
-18,1
18,7
-18,1
14,7
-14,1
13,7
-17,1
20,7
-16,1
12,7
-12,1
13,7
-17,1
20,7
-16,1
16,7
-16,1
14,7
-14,1
14,7
-18,1
21,7
-17,1
14,7
-14,1
14,7
-18,1
22,7
-18,1
18,7
-18,1
14,7
-14,1
14,7
-18,1
21,7
-17,1
14,7
-14,1
14,7
-18,1
21,7
-17,1
15,7
-15,1
13,7
-14,1
12,7
-16,1
22,7
-18,1
17,7
-17,1
14,7
-18,1
22,7
-18,1
18,7
-18,1
14,7
-14,1
14,7
-18,1
22,7
-18,1
18,7
-18,1
13,7
-17,1
20,7
-16,1
16,7
-16,1
12,7
-12,1
12,7
-16,1
20,7
-16,1
18,7
-18,1
14,7
-14,1
13,7
-17,1
19,7
-15,1
13,7
-13,1
13,7
-17,1
22,7
-18,1
18,7
-18,1
14,7
-14,1
14,7
-18,1
22,7
-18,1
12,7
-12,1
12,7
-16,1
22,7
-17,1
16,7
-16,1
12,7
-13,1
12,7
-17,1
22,7
-18,1
14,7
-14,1
14,7
-18,1
22,7
-17,1
16,7
-16,1
11,7
-12,1
15,7
-18,1
22,7
-18,1
13,7
-14,1
13,7
-17,1
21,7
-17,1
14,7
-14,1
12,7
-12,1
13,7
-16,1
19,7
-16,1
12,7
-12,1
13,7
-17,1
22,7
-18,1
19,7
-17,1
12,7
-13,1
11,7
-16,1
22,7
-17,1
10,7
-11,1
14,7
-18,1
23,7
-18,1
18,7
-18,1
13,7
-14,1
14,7
-18,1
20,7
-15,1
13,7
-13,1
14,7
-17,1
19,7
-16,1
18,7
-18,1
9,7
-9,1
5,7
-9,1
20,7
-16,1
14,7
-14,1
11,7
-16,1
21,7
-16,1
16,7
-17,1
14,7
-14,1
14,7
-17,1
22,7
-18,1
14,7
-14,1
13,7
-17,1
14,7
-11,1
13,7
-13,1
11,7
-10,1
10,7
-14,1
19,7
-15,1
12,7
-12,1
12,7
-16,1
22,7
-18,1
18,7
-18,1
13,7
-14,1
14,7
-18,1
22,7
-17,1
11,7
-11,1
11,7
-16,1
20,7
-15,1
16,7
-17,1
14,7
-14,1
11,7
-15,1
22,7
-17,1
10,7
-10,1
12,7
-16,1
19,7
-16,1
18,7
-17,1
12,7
-12,1
12,7
-17,1
21,7
-16,1
15,7
-16,1
12,7
-16,1
21,7
-17,1
19,7
-18,1
13,7
-14,1
14,7
-18,1
21,7
-17,1
18,7
-17,1
13,7
-17,1
21,7
-17,1
-32627,15
-19,1
15,7
-15,1
12,7
-17,1
22,7
-18,1
18,7
-18,1
14,7
-18,1
21,7
-17,1
19,7
-18,1
12,7
-13,1
13,7
-18,1
22,7
-18,1
18,7
-18,1
11,7
-16,1
20,7
-16,1
16,7
-16,1
10,7
-11,1
13,7
-16,1
19,7
-15,1
18,7
-18,1
10,7
-15,1
18,7
-15,1
15,7
-15,1
13,7
-13,1
11,7
-15,1
19,7
-16,1
18,7
-18,1
13,7
-12,1
12,7
-18,1
23,7
-18,1
13,7
-13,1
12,7
-17,1
19,7
-14,1
14,7
-15,1
11,7
-11,1
13,7
-16,1
22,7
-18,1
11,7
-12,1
14,7
-18,1
22,7
-18,1
18,7
-18,1
14,7
-14,1
14,7
-18,1
22,7
-18,1
10,7
-10,1
11,7
-14,1
21,7
-18,1
19,7
-18,1
13,7
-14,1
13,7
-17,1
22,7
-18,1
13,7
-13,1
12,7
-16,1
21,7
-16,1
18,7
-18,1
13,7
-14,1
12,7
-17,1
22,7
-18,1
14,7
-14,1
13,7
-17,1
21,7
-17,1
17,7
-17,1
13,7
-13,1
13,7
-18,1
22,7
-17,1
13,7
-14,1
14,7
-18,1
22,7
-18,1
17,7
-18,1
10,7
-11,1
14,7
-17,1
21,7
-18,1
12,7
-12,1
14,7
-18,1
22,7
-18,1
18,7
-17,1
13,7
-14,1
13,7
-17,1
22,7
-18,1
14,7
-14,1
13,7
-17,1
21,7
-17,1
17,7
-17,1
14,7
-14,1
13,7
-17,1
21,7
-17,1
12,7
-12,1
15,7
-17,1
19,7
-17,1
17,7
-18,1
13,7
-13,1
13,7
-17,1
21,7
-17,1
13,7
-13,1
12,7
-17,1
23,7
-18,1
17,7
-18,1
14,7
-14,1
14,7
-18,1
22,7
-17,1
13,7
-14,1
14,7
-18,1
20,7
-16,1
17,7
-17,1
13,7
-12,1
13,7
-18,1
22,7
-18,1
14,7
-13,1
14,7
-18,1
21,7
-18,1
17,7
-16,1
12,7
-13,1
17,7
-16,1
16,7
-17,1
19,7
-18,1
14,7
-18,1
22,7
-18,1
18,7
-18,1
13,7
-14,1
12,7
-16,1
22,7
-17,1
17,7
-17,1
13,7
-18,1
21,7
-17,1
18,7
-18,1
13,7
-14,1
14,7
-18,1
20,7
-15,1
16,7
-16,1
17,7
-11,1
8,7
-18,1
20,7
-18,1
14,7
-13,1
13,7
-18,1
23,7
-18,1
17,7
-18,1
13,7
-14,1
13,7
-17,1
21,7
-17,1
11,7
-12,1
13,7
-16,1
20,7
-17,1
17,7
-18,1
14,7
-14,1
10,7
-15,1
20,7
-15,1
14,7
-14,1
13,7
-17,1
21,7
-18,1
18,7
-18,1
14,7
-14,1
14,7
-18,1
22,7
-18,1
13,7
-14,1
13,7
-17,1
22,7
-17,1
17,7
-17,1
12,7
-13,1
13,7
-16,1
21,7
-18,1
14,7
-14,1
13,7
-16,1
21,7
-18,1
17,7
-16,1
14,7
-14,1
13,7
-18,1
22,7
-18,1
14,7
-14,1
14,7
-18,1
22,7
-18,1
18,7
-18,1
13,7
-14,1
16,7
-16,1
16,7
-16,1
14,7
-14,1
14,7
-18,1
22,7
-17,1
18,7
-18,1
8,7
-9,1
13,7
-17,1
21,7
-16,1
14,7
-14,1
13,7
-18,1
22,7
-18,1
18,7
-18,1
14,7
-14,1
14,7
-18,1
22,7
-17,1
13,7
-13,1
12,7
-17,1
20,7
-16,1
16,7
-17,1
12,7
-12,1
12,7
-16,1
22,7
-18,1
10,7
-10,1
14,7
-18,1
22,7
-18,1
18,7
-18,1
13,7
-14,1
13,7
-17,1
22,7
-18,1
14,7
-13,1
13,7
-18,1
21,7
-17,1
19,7
-18,1
14,7
-14,1
12,7
-16,1
21,7
-17,1
13,7
-14,1
14,7
-17,1
20,7
-17,1
18,7
-17,1
13,7
-14,1
15,7
-18,1
22,7
-18,1
18,7
-18,1
11,7
-16,1
22,7
-18,1
18,7
-18,1
14,7
-14,1
14,7
-17,1
22,7
-18,1
18,7
-18,1
12,7
-16,1
20,7
-16,1
16,7
-16,1
12,7
-12,1
12,7
-16,1
21,7
-17,1
16,7
-16,1
14,7
-18,1
22,7
-18,1
17,7
-17,1
13,7
-14,1
15,7
-18,1
21,7
-18,1
18,7
-17,1
11,7
-16,1
22,7
-17,1
17,7
-17,1
13,7
-13,1
13,7
-18,1
22,7
-17,1
16,7
-16,1
5,7
-9,1
16,7
-12,1
17,7
-17,1
10,7
-11,1
14,7
-16,1
20,7
-17,1
16,7
-16,1
12,7
-13,1
12,7
-16,1
21,7
-16,1
14,7
-14,1
14,7
-18,1
26,7
-18,1
13,7
-17,1
14,7
-14,1
13,7
-18,1
22,7
-17,1
14,7
-14,1
14,7
-18,1
22,7
-18,1
18,7
-18,1
17,7
-14,1
10,7
-18,1
22,7
-17,1
13,7
-14,1
13,7
-16,1
19,7
-15,1
11,7
-12,1
15,7
-14,1
13,7
-17,1
20,7
-17,1
12,7
-13,1
12,7
-16,1
19,7
-15,1
13,7
-12,1
12,7
-13,1
15,7
-18,1
20,7
-16,1
14,7
-14,1
13,7
-18,1
22,7
-18,1
18,7
-18,1
14,7
-14,1
13,7
-18,1
19,7
-15,1
13,7
-14,1
16,7
-17,1
20,7
-18,1
17,7
-18,1
13,7
-14,1
14,7
-18,1
23,7
-18,1
6,7
-7,1
13,7
-17,1
23,7
-18,1
18,7
-19,1
-42571,15
-15,1
14,7
-18,1
21,7
-17,1
12,7
-13,1
12,7
-17,1
21,7
-16,1
16,7
-16,1
13,7
-13,1
14,7
-18,1
21,7
-18,1
13,7
-13,1
14,7
-18,1
21,7
-18,1
18,7
-18,1
12,7
-13,1
14,7
-18,1
22,7
-18,1
12,7
-13,1
12,7
-16,1
22,7
-18,1
18,7
-18,1
11,7
-11,1
12,7
-16,1
20,7
-15,1
16,7
-13,1
10,7
-17,1
19,7
-15,1
17,7
-17,1
13,7
-14,1
15,7
-18,1
20,7
-16,1
14,7
-14,1
13,7
-18,1
23,7
-18,1
16,7
-17,1
14,7
-14,1
14,7
-18,1
22,7
-18,1
18,7
-18,1
13,7
-17,1
22,7
-18,1
19,7
-18,1
12,7
-13,1
14,7
-18,1
19,7
-15,1
16,7
-16,1
9,7
-14,1
21,7
-17,1
16,7
-16,1
15,7
-14,1
13,7
-17,1
20,7
-17,1
17,7
-16,1
12,7
-12,1
14,7
-18,1
21,7
-18,1
11,7
-12,1
13,7
-17,1
23,7
-18,1
17,7
-18,1
14,7
-14,1
14,7
-18,1
22,7
-17,1
13,7
-14,1
15,7
-18,1
22,7
-18,1
18,7
-18,1
11,7
-11,1
10,7
-15,1
21,7
-17,1
11,7
-11,1
13,7
-17,1
19,7
-15,1
15,7
-15,1
15,7
-14,1
13,7
-18,1
24,7
-18,1
12,7
-14,1
14,7
-18,1
21,7
-16,1
17,7
-18,1
14,7
-14,1
13,7
-17,1
22,7
-18,1
14,7
-14,1
13,7
-18,1
23,7
-18,1
15,7
-16,1
13,7
-13,1
10,7
-14,1
20,7
-16,1
11,7
-12,1
14,7
-17,1
22,7
-18,1
18,7
-18,1
13,7
-14,1
14,7
-17,1
20,7
-16,1
12,7
-13,1
12,7
-16,1
22,7
-18,1
18,7
-18,1
13,7
-14,1
13,7
-18,1
21,7
-17,1
14,7
-14,1
14,7
-18,1
21,7
-17,1
14,7
-15,1
12,7
-11,1
13,7
-18,1
22,7
-18,1
15,7
-14,1
14,7
-18,1
21,7
-17,1
16,7
-17,1
12,7
-12,1
14,7
-18,1
23,7
-18,1
12,7
-13,1
15,7
-18,1
21,7
-17,1
15,7
-16,1
15,7
-13,1
15,7
-18,1
18,7
-16,1
11,7
-11,1
10,7
-15,1
23,7
-18,1
21,7
-17,1
9,7
-14,1
13,7
-17,1
21,7
-16,1
10,7
-11,1
15,7
-18,1
22,7
-17,1
15,7
-14,1
14,7
-13,1
8,7
-16,1
20,7
-15,1
14,7
-15,1
12,7
-16,1
17,7
-12,1
16,7
-17,1
14,7
-13,1
15,7
-18,1
20,7
-18,1
17,7
-17,1
13,7
-17,1
25,7
-15,1
8,7
-15,1
14,7
-14,1
13,7
-16,1
20,7
-17,1
17,7
-17,1
13,7
-17,1
21,7
-17,1
16,7
-16,1
11,7
-11,1
11,7
-15,1
20,7
-16,1
18,7
-18,1
13,7
-17,1
22,7
-18,1
17,7
-17,1
13,7
-14,1
17,7
-16,1
17,7
-17,1
18,7
-18,1
12,7
-16,1
21,7
-18,1
18,7
-18,1
14,7
-14,1
14,7
-18,1
20,7
-16,1
16,7
-16,1
11,7
-11,1
12,7
-16,1
22,7
-18,1
10,7
-10,1
10,7
-14,1
19,7
-15,1
16,7
-16,1
11,7
-11,1
11,7
-15,1
21,7
-17,1
11,7
-11,1
14,7
-18,1
21,7
-17,1
15,7
-15,1
13,7
-13,1
11,7
-15,1
21,7
-17,1
9,7
-9,1
14,7
-18,1
22,7
-18,1
18,7
-18,1
14,7
-14,1
13,7
-17,1
21,7
-17,1
12,7
-12,1
11,7
-14,1
20,7
-17,1
18,7
-18,1
13,7
-14,1
14,7
-18,1
21,7
-17,1
12,7
-12,1
12,7
-16,1
20,7
-16,1
18,7
-18,1
14,7
-14,1
14,7
-18,1
23,7
-18,1
13,7
-14,1
14,7
-18,1
20,7
-16,1
15,7
-15,1
13,7
-13,1
